product_id,product_name,category,brand,unit_price,created_at,updated_at
P0001,Market Pro,Electronics,BrandB,730.93,2025-09-11,2026-04-04T02:11:24
P0002,Despite Max,Apparel,BrandA,470.69,2024-12-31,2026-07-29T07:25:00
P0003,Measure Lite,Beauty,BrandB,188.67,2024-12-14,2026-02-25T14:44:25
P0004,Tree Pro,Sports,BrandC,347.8,2025-08-09,2026-01-01T19:00:41
P0005,Item Pro,Apparel,BrandD,798.34,2024-11-10,2026-02-01T18:44:02
P0006,Religious Pro,Beauty,BrandB,1363.57,2025-03-28,2026-02-18T01:17:24
P0007,Performance Max,Electronics,BrandB,573.34,2025-09-11,2025-12-20T13:57:35
P0008,Return Lite,Home & Kitchen,BrandB,781.97,2024-11-29,2025-11-07T11:39:35
P0009,Citizen Standard,Apparel,BrandA,905.39,2025-07-30,2026-04-16T07:41:10
P0010,Actually Max,Sports,BrandD,1178.3,2025-03-07,2026-01-04T09:27:14
P0011,Around Lite,Apparel,BrandC,1449.88,2025-08-08,2025-11-28T23:47:43
P0012,Rather Lite,Apparel,BrandB,231.05,2024-11-29,2026-01-04T20:53:34
P0013,Tonight Max,Beauty,BrandB,1051.97,2025-06-19,2026-07-26T22:17:09
P0014,Job Max,Sports,BrandE,915.81,2025-01-31,2026-06-20T08:28:42
P0015,Choice Pro,Home & Kitchen,BrandC,1280.77,2025-02-24,2026-04-18T08:05:20
P0016,By Max,Home & Kitchen,BrandB,202.51,2024-12-08,2026-08-01T10:11:35
P0017,Cultural Standard,Beauty,BrandA,765.84,2024-12-29,2026-02-12T17:40:54
P0018,Our Pro,Beauty,BrandD,146.54,2025-03-27,2026-06-15T01:04:22
P0019,Five Pro,Sports,BrandD,77.89,2025-04-16,2026-02-12T17:15:59
P0020,More Max,Beauty,BrandE,751.77,2025-07-27,2026-06-28T05:33:31
P0021,Save Pro,Sports,BrandB,1246.35,2025-01-04,2026-08-10T02:42:55
P0022,Guy Max,Beauty,BrandA,157.02,2024-12-24,2026-05-04T07:21:53
P0023,Movement Standard,Electronics,BrandB,600.67,2025-09-13,2025-12-19T17:13:44
P0024,Official Lite,Sports,BrandB,1340.49,2024-12-26,2026-04-25T17:27:57
P0025,Left Max,Electronics,BrandD,1002.67,2025-07-23,2025-10-09T16:15:33
P0026,Add Standard,Home & Kitchen,BrandE,1290.7,2024-11-10,2026-02-03T06:06:00
P0027,Pass Standard,Beauty,BrandB,493.22,2024-11-10,2026-03-05T14:20:22
P0028,Left Lite,Apparel,BrandB,322.63,2025-01-20,2026-06-20T23:57:10
P0029,Long Max,Apparel,BrandB,1428.9,2024-12-18,2025-10-19T07:04:58
P0030,Day Pro,Electronics,BrandE,445.14,2025-05-27,2025-12-17T04:42:37
P0031,Good Max,Home & Kitchen,BrandE,1485.68,2025-01-10,2026-07-01T15:21:32
P0032,Price Max,Apparel,BrandB,1104.04,2025-06-21,2025-11-11T01:49:00
P0033,Within Lite,Beauty,BrandA,571.77,2025-03-07,2026-09-12T00:06:49
P0034,Become Lite,Apparel,BrandC,987.57,2025-08-10,2026-01-30T21:02:16
P0035,Case Standard,Apparel,BrandD,1298.09,2024-12-20,2026-09-07T03:51:08
P0036,Size Max,Electronics,BrandA,802.04,2025-06-15,2025-12-03T04:38:53
P0037,Know Lite,Beauty,BrandD,420.91,2025-08-16,2025-10-28T17:45:44
P0038,Physical Max,Electronics,BrandD,1006.81,2024-12-10,2026-02-26T23:26:22
P0039,Of Max,Sports,BrandC,1160.53,2025-08-12,2025-10-16T11:14:50
P0040,Final Lite,Apparel,BrandA,1333.83,2025-07-17,2026-01-21T02:17:53
P0041,Team Pro,Apparel,BrandD,270.03,2024-12-31,2026-05-25T20:55:21
P0042,Under Pro,Sports,BrandC,999.32,2025-08-30,2026-04-30T16:54:45
P0043,Blue Max,Sports,BrandD,988.71,2024-11-08,2025-12-02T22:23:52
P0044,Fact Standard,Electronics,BrandC,1098.44,2024-12-21,2025-12-23T03:06:17
P0045,Happy Standard,Electronics,BrandC,484.45,2025-05-31,2026-03-12T21:44:32
P0046,Wrong Pro,Apparel,BrandA,558.75,2025-07-07,2026-04-25T14:08:01
P0047,Inside Standard,Home & Kitchen,BrandA,125.46,2024-10-18,2026-05-21T09:56:18
P0048,Training Lite,Home & Kitchen,BrandD,414.71,2024-11-25,2025-11-25T01:36:56
P0049,Marriage Pro,Sports,BrandD,892.71,2025-07-02,2026-02-07T14:31:46
P0050,Author Max,Sports,BrandC,681.78,2024-12-14,2026-07-17T13:13:43
P0051,Should Standard,Home & Kitchen,BrandB,99.7,2025-01-03,2026-01-20T09:10:34
P0052,Detail Pro,Apparel,BrandA,387.9,2025-06-21,2026-01-12T01:59:07
P0053,Talk Standard,Apparel,BrandA,115.97,2025-05-30,2025-09-29T04:24:04
P0054,Fine Standard,Electronics,BrandB,1096.16,2025-09-01,2026-04-02T11:50:58
P0055,City Pro,Apparel,BrandC,119.2,2024-11-06,2026-07-19T03:49:25
P0056,How Max,Sports,BrandB,1130.33,2024-10-17,2026-06-15T23:05:12
P0057,Hotel Standard,Sports,BrandD,699.51,2025-02-05,2025-09-22T10:46:04
P0058,Own Standard,Beauty,BrandA,853.93,2025-07-24,2026-06-21T09:43:58
P0059,Modern Standard,Apparel,BrandA,255.81,2025-02-18,2026-05-27T09:39:31
P0060,Yard Standard,Beauty,BrandB,129.06,2024-10-29,2026-08-25T10:09:36
P0061,Consumer Max,Apparel,BrandD,981.53,2025-07-05,2026-06-19T19:48:03
P0062,Wish Pro,Beauty,BrandC,1046.22,2025-04-16,2026-08-19T06:04:02
P0063,Student Standard,Sports,BrandD,535.1,2025-01-02,2026-09-09T09:58:42
P0064,Use Max,Sports,BrandC,312.49,2024-12-23,2026-08-22T14:37:05
P0065,Message Pro,Beauty,BrandC,470.06,2024-12-12,2025-11-12T02:42:04
P0066,Break Pro,Sports,BrandE,959.03,2025-07-11,2026-01-19T11:36:49
P0067,Me Max,Apparel,BrandA,225.65,2025-09-12,2025-10-13T14:53:52
P0068,It Max,Electronics,BrandE,113.19,2024-11-07,2025-11-06T09:23:57
P0069,Later Pro,Home & Kitchen,BrandD,1213.26,2025-04-25,2026-05-15T13:16:49
P0070,Road Lite,Home & Kitchen,BrandE,963.72,2025-04-10,2025-12-18T00:56:49
P0071,Eat Lite,Beauty,BrandA,1069.34,2025-08-12,2026-09-11T17:13:58
P0072,Require Pro,Apparel,BrandD,1452.57,2025-03-01,2026-07-24T04:38:10
P0073,Together Standard,Beauty,BrandC,470.69,2024-10-06,2026-04-06T23:12:40
P0074,Worker Standard,Beauty,BrandD,453.64,2025-09-15,2026-08-28T23:01:51
P0075,Event Standard,Sports,BrandD,1385.8,2025-06-14,2026-06-24T20:51:21
P0076,Successful Pro,Beauty,BrandB,584.63,2025-08-16,2025-12-14T10:44:52
P0077,Book Lite,Beauty,BrandA,392.83,2025-03-29,2026-06-21T11:07:57
P0078,Art Lite,Electronics,BrandA,615.99,2024-12-17,2026-01-15T22:15:07
P0079,If Lite,Home & Kitchen,BrandB,710.69,2025-02-11,2026-01-21T07:20:32
P0080,Score Pro,Sports,BrandD,1462.83,2024-11-09,2026-09-16T02:51:28
P0081,Win Standard,Sports,BrandB,1444.7,2024-09-18,2025-11-29T11:11:24
P0082,Pass Standard,Electronics,BrandA,1325.27,2025-02-19,2026-07-01T20:54:45
P0083,Best Lite,Apparel,BrandE,1046.96,2025-03-20,2026-05-05T17:54:33
P0084,Congress Max,Home & Kitchen,BrandB,83.82,2025-06-12,2026-03-20T09:13:01
P0085,Debate Lite,Sports,BrandD,1081.33,2025-08-21,2026-03-19T11:47:12
P0086,Black Max,Home & Kitchen,BrandC,174.08,2025-06-21,2026-06-10T03:54:59
P0087,Class Max,Beauty,BrandD,1014.89,2025-06-13,2026-07-21T20:20:41
P0088,Step Standard,Home & Kitchen,BrandB,1481.3,2024-12-18,2026-09-01T20:38:32
P0089,Policy Lite,Sports,BrandC,1375.09,2025-08-24,2025-11-04T07:14:52
P0090,Rule Lite,Sports,BrandD,529.53,2024-12-05,2025-10-01T12:03:21
P0091,Fear Lite,Beauty,BrandD,379.54,2024-12-21,2025-10-18T00:32:26
P0092,Sell Lite,Home & Kitchen,BrandC,1120.54,2024-10-16,2026-08-04T12:36:10
P0093,Card Lite,Home & Kitchen,BrandA,1189.64,2024-11-18,2026-05-24T05:13:00
P0094,Space Lite,Sports,BrandA,599.33,2025-05-02,2025-11-05T22:34:39
P0095,Whatever Max,Sports,BrandB,1252.34,2025-06-24,2026-04-01T12:28:16
P0096,Form Lite,Home & Kitchen,BrandE,681.83,2025-01-12,2026-03-03T13:08:06
P0097,Protect Max,Sports,BrandC,1316.84,2025-04-15,2026-09-13T17:31:58
P0098,Energy Lite,Electronics,BrandE,1141.02,2025-03-08,2026-08-11T03:17:27
P0099,Throughout Max,Apparel,BrandB,81.14,2025-02-04,2026-07-31T11:13:05
P0100,Camera Lite,Sports,BrandD,201.17,2025-01-22,2026-07-02T08:47:31
P0101,Receive Standard,Apparel,BrandE,1006.82,2024-12-16,2026-03-20T18:25:36
P0102,Let Lite,Electronics,BrandB,244.96,2025-03-16,2025-10-14T04:59:09
P0103,Watch Pro,Sports,BrandD,202.34,2025-04-12,2025-12-04T14:37:44
P0104,Whole Max,Electronics,BrandD,1144.91,2025-06-22,2025-10-20T16:49:35
P0105,Include Standard,Home & Kitchen,BrandC,1349.86,2025-07-02,2026-01-02T22:19:42
P0106,Although Lite,Apparel,BrandC,949.14,2025-05-30,2026-03-27T08:07:24
P0107,Sell Standard,Home & Kitchen,BrandC,714.2,2025-08-01,2026-01-05T17:32:21
P0108,First Max,Apparel,BrandA,374.21,2025-06-08,2026-04-15T01:12:35
P0109,Try Pro,Home & Kitchen,BrandC,854.36,2025-02-23,2026-07-03T09:02:35
P0110,Church Lite,Beauty,BrandA,231.09,2025-06-21,2026-06-21T04:23:16
P0111,Meet Max,Sports,BrandA,1236.21,2024-09-20,2026-07-13T17:56:57
P0112,Will Max,Home & Kitchen,BrandA,213.18,2025-09-07,2026-08-28T09:46:27
P0113,Though Pro,Apparel,BrandD,506.64,2024-10-19,2026-05-22T14:18:28
P0114,Charge Standard,Home & Kitchen,BrandE,1063.4,2025-03-03,2026-07-04T10:09:46
P0115,Very Standard,Apparel,BrandC,877.7,2025-09-13,2026-06-23T08:32:42
P0116,On Standard,Electronics,BrandE,1410.48,2025-05-19,2025-10-04T00:57:37
P0117,Inside Pro,Sports,BrandE,335.42,2024-10-29,2025-12-20T12:16:06
P0118,Draw Pro,Home & Kitchen,BrandC,833.3,2025-02-17,2026-08-16T00:12:53
P0119,Voice Max,Home & Kitchen,BrandC,600.86,2025-05-19,2026-08-25T02:53:59
P0120,History Max,Electronics,BrandA,342.01,2025-05-29,2026-02-04T01:09:38
P0121,Amount Lite,Electronics,BrandB,451.97,2025-03-24,2026-02-03T17:04:09
P0122,Trip Max,Apparel,BrandD,244.78,2024-10-12,2026-06-02T06:37:02
P0123,Join Max,Electronics,BrandB,300.41,2025-07-05,2026-07-16T04:08:14
P0124,White Standard,Home & Kitchen,BrandB,405.03,2024-10-08,2026-08-11T14:51:01
P0125,Finally Max,Electronics,BrandA,458.87,2024-12-15,2026-02-15T17:31:16
P0126,Choice Standard,Sports,BrandD,761.61,2025-01-18,2025-12-12T12:12:30
P0127,Stuff Standard,Sports,BrandA,58.68,2024-11-26,2026-04-03T13:13:40
P0128,Design Lite,Apparel,BrandE,1291.93,2024-11-13,2026-02-10T08:07:44
P0129,Lose Standard,Sports,BrandA,237.96,2025-08-15,2025-10-10T21:07:03
P0130,Charge Pro,Beauty,BrandD,1335.01,2024-12-03,2026-08-01T18:33:20
P0131,Reason Pro,Beauty,BrandC,290.6,2025-03-02,2026-05-06T03:06:15
P0132,Why Pro,Home & Kitchen,BrandB,1263.79,2025-06-18,2025-11-23T12:33:06
P0133,Data Pro,Apparel,BrandB,809.48,2025-04-18,2026-01-22T10:43:10
P0134,Per Lite,Electronics,BrandB,251.36,2025-05-05,2025-10-19T17:06:02
P0135,Item Lite,Beauty,BrandD,514.13,2025-03-18,2025-11-16T09:23:11
P0136,Over Standard,Home & Kitchen,BrandB,306.47,2025-07-30,2026-05-08T07:05:49
P0137,Wonder Max,Sports,BrandB,939.18,2025-04-04,2026-05-03T19:40:44
P0138,National Max,Electronics,BrandB,34.2,2025-01-27,2026-07-16T13:56:59
P0139,Why Lite,Beauty,BrandE,1487.34,2025-03-15,2026-07-02T20:10:59
P0140,Her Max,Apparel,BrandA,352.29,2025-08-10,2026-02-11T17:33:47
P0141,Car Max,Apparel,BrandC,618.35,2025-05-07,2025-11-14T19:06:40
P0142,Meet Standard,Electronics,BrandA,1008.79,2024-11-11,2025-11-05T11:18:47
P0143,Available Standard,Beauty,BrandC,1399.89,2024-10-14,2025-12-17T15:41:25
P0144,At Pro,Beauty,BrandD,221.57,2024-12-28,2026-01-15T01:15:21
P0145,Today Standard,Sports,BrandE,527.59,2025-04-10,2026-06-19T03:59:40
P0146,Another Lite,Apparel,BrandA,268.61,2024-12-31,2026-07-05T00:19:44
P0147,Computer Lite,Apparel,BrandA,126.58,2025-02-21,2025-12-17T16:39:16
P0148,Face Max,Apparel,BrandE,838.63,2025-07-28,2026-04-23T13:24:16
P0149,War Lite,Beauty,BrandB,360.13,2024-10-17,2026-01-14T06:08:31
P0150,Writer Max,Home & Kitchen,BrandB,79.53,2024-11-08,2025-10-27T08:33:43
P0151,Both Lite,Beauty,BrandA,1420.36,2025-08-12,2025-12-24T21:07:37
P0152,Expert Pro,Electronics,BrandD,1079.37,2025-03-31,2025-12-15T10:24:41
P0153,Easy Max,Apparel,BrandC,87.66,2025-05-09,2026-01-04T13:21:48
P0154,Spring Lite,Electronics,BrandD,1223.34,2025-02-13,2026-09-12T16:39:35
P0155,Bill Standard,Home & Kitchen,BrandE,699.23,2025-05-27,2026-05-15T06:13:26
P0156,Away Pro,Beauty,BrandD,488.46,2025-08-10,2025-11-08T14:03:44
P0157,No Lite,Beauty,BrandA,937.22,2025-06-26,2026-08-10T06:18:53
P0158,Yeah Max,Home & Kitchen,BrandA,585.61,2025-07-31,2026-05-15T18:04:05
P0159,Race Max,Sports,BrandD,239.59,2025-04-20,2026-07-15T19:37:51
P0160,Prevent Standard,Apparel,BrandC,763.63,2024-10-16,2026-06-02T03:11:40
P0161,Red Pro,Apparel,BrandB,481.82,2025-08-04,2026-04-27T07:29:48
P0162,Suffer Pro,Sports,BrandC,584.06,2025-08-03,2026-02-18T10:08:40
P0163,Foreign Lite,Home & Kitchen,BrandE,1089.81,2025-06-12,2026-06-04T19:25:29
P0164,Relationship Max,Apparel,BrandD,381.16,2025-04-07,2025-10-18T05:13:46
P0165,Culture Max,Beauty,BrandE,1156.44,2024-09-18,2025-10-11T11:54:43
P0166,A Pro,Apparel,BrandA,203.69,2025-07-24,2025-12-03T02:32:03
P0167,Direction Pro,Electronics,BrandA,801.06,2025-04-17,2026-04-27T22:31:27
P0168,Draw Pro,Apparel,BrandC,1473.96,2025-06-09,2025-11-14T07:37:38
P0169,Among Standard,Sports,BrandA,1007.72,2025-02-22,2025-10-06T14:32:24
P0170,Total Pro,Beauty,BrandA,1295.8,2025-04-11,2026-08-16T05:00:22
P0171,May Standard,Home & Kitchen,BrandA,1198.93,2025-07-23,2026-01-26T08:38:15
P0172,Tend Max,Sports,BrandB,535.26,2024-11-24,2025-12-13T04:45:20
P0173,Dream Lite,Home & Kitchen,BrandB,901.28,2024-11-02,2026-08-07T10:04:09
P0174,Follow Pro,Beauty,BrandA,267.27,2024-10-04,2026-04-06T00:49:25
P0175,Cell Max,Beauty,BrandD,1125.17,2025-04-29,2026-08-09T05:45:17
P0176,Arm Max,Apparel,BrandE,687.06,2024-10-17,2026-04-30T14:06:01
P0177,Worker Max,Electronics,BrandC,1287.16,2025-07-10,2026-04-03T22:15:47
P0178,Region Max,Apparel,BrandA,569.76,2025-08-11,2025-11-01T14:14:06
P0179,Still Standard,Home & Kitchen,BrandC,890.74,2025-01-05,2026-08-15T09:49:33
P0180,International Standard,Apparel,BrandB,1112.66,2025-05-31,2026-08-12T03:26:16
P0181,Impact Pro,Sports,BrandB,311.51,2025-06-12,2026-01-23T00:29:41
P0182,Finally Lite,Home & Kitchen,BrandC,669.8,2025-04-09,2025-10-22T13:52:09
P0183,Similar Pro,Home & Kitchen,BrandE,1262.52,2025-05-04,2026-03-26T20:09:56
P0184,Project Standard,Sports,BrandE,874.36,2025-02-08,2026-05-01T01:21:13
P0185,Worker Lite,Electronics,BrandC,702.29,2025-05-13,2025-12-12T21:14:17
P0186,Near Max,Electronics,BrandC,924.64,2025-01-21,2026-07-06T12:24:42
P0187,Set Standard,Sports,BrandC,116.34,2025-09-11,2026-09-03T22:09:22
P0188,Blood Lite,Apparel,BrandD,750.28,2025-03-01,2025-11-26T02:15:37
P0189,Myself Max,Beauty,BrandD,955.64,2025-09-09,2026-02-13T20:14:28
P0190,Build Max,Apparel,BrandE,1114.21,2025-08-03,2026-01-25T00:36:38
P0191,Work Standard,Apparel,BrandC,285.63,2025-09-04,2026-07-13T15:33:16
P0192,This Standard,Beauty,BrandC,1194.24,2024-10-29,2025-10-23T17:31:09
P0193,Specific Max,Home & Kitchen,BrandE,238.88,2024-11-12,2026-06-23T03:19:49
P0194,Shake Standard,Electronics,BrandD,530.44,2024-11-21,2026-02-01T19:52:29
P0195,Blue Pro,Apparel,BrandE,209.39,2024-10-02,2026-07-08T16:19:29
P0196,Get Lite,Sports,BrandB,234.85,2025-02-10,2026-04-19T16:13:53
P0197,Whether Lite,Electronics,BrandA,490.64,2025-06-20,2026-01-25T19:51:57
P0198,Mrs Standard,Apparel,BrandA,235.94,2025-03-26,2026-04-19T05:11:14
P0199,Edge Lite,Home & Kitchen,BrandE,609.31,2024-12-13,2026-02-05T06:38:37
P0200,Than Standard,Apparel,BrandD,1005.88,2025-08-15,2025-11-20T05:48:11
P0201,Network Max,Beauty,BrandB,1241.74,2025-07-28,2025-09-21T14:00:49
P0202,Executive Lite,Apparel,BrandA,652.88,2025-09-05,2026-02-11T19:31:43
P0203,Hit Pro,Home & Kitchen,BrandC,939.02,2025-06-18,2026-06-04T19:58:00
P0204,Magazine Pro,Sports,BrandC,154.67,2025-02-03,2025-11-17T09:09:52
P0205,Building Max,Electronics,BrandB,985.5,2025-07-01,2026-05-14T13:31:48
P0206,Return Pro,Electronics,BrandC,865.11,2025-09-05,2026-08-05T08:05:52
P0207,Rock Max,Apparel,BrandA,1230.19,2025-05-17,2026-03-20T20:55:32
P0208,Develop Pro,Apparel,BrandB,150.6,2025-08-14,2026-04-14T15:38:26
P0209,Executive Max,Electronics,BrandC,1126.28,2024-11-04,2025-12-23T10:21:04
P0210,Campaign Pro,Home & Kitchen,BrandE,238.94,2025-05-01,2026-03-08T10:34:08
P0211,House Standard,Sports,BrandD,808.32,2024-11-20,2026-05-16T19:53:38
P0212,Size Standard,Home & Kitchen,BrandA,164.93,2024-10-09,2026-03-06T01:49:29
P0213,Manager Pro,Sports,BrandC,400.59,2025-04-18,2026-03-30T20:45:49
P0214,Small Pro,Beauty,BrandC,1483.34,2025-08-30,2025-09-28T11:06:47
P0215,Brother Max,Electronics,BrandA,1193.97,2025-04-09,2025-10-23T21:29:43
P0216,White Max,Sports,BrandE,1374.19,2025-08-15,2026-07-19T13:34:07
P0217,Tree Standard,Beauty,BrandE,725.86,2025-09-01,2026-08-14T09:56:10
P0218,Staff Lite,Sports,BrandC,1166.15,2025-03-27,2026-07-09T12:57:52
P0219,Nice Standard,Beauty,BrandC,1419.14,2025-04-14,2026-05-04T18:02:20
P0220,Hot Standard,Home & Kitchen,BrandA,897.73,2025-08-11,2025-12-05T07:16:17
P0221,Among Max,Apparel,BrandC,991.17,2025-07-05,2025-09-25T11:53:53
P0222,Someone Pro,Sports,BrandB,1075.14,2025-04-11,2025-10-18T05:51:38
P0223,Week Standard,Apparel,BrandB,121.9,2025-01-13,2026-06-10T16:15:51
P0224,Study Max,Electronics,BrandC,1038.36,2025-09-05,2026-02-22T20:25:37
P0225,Yes Pro,Home & Kitchen,BrandB,921.48,2024-12-07,2026-02-20T23:06:24
P0226,House Max,Electronics,BrandC,1101.78,2025-01-26,2026-04-23T02:37:57
P0227,Pm Pro,Electronics,BrandD,1295.42,2025-02-09,2025-10-01T21:52:46
P0228,Since Standard,Apparel,BrandD,886.31,2025-03-17,2025-11-14T09:55:36
P0229,Fish Lite,Sports,BrandE,153.84,2025-02-15,2026-02-27T09:47:45
P0230,Difficult Max,Sports,BrandB,175.23,2024-12-23,2026-04-10T02:03:28
P0231,Shoulder Pro,Electronics,BrandB,1314.02,2025-05-01,2026-09-07T22:55:35
P0232,Degree Standard,Beauty,BrandA,1108.88,2025-03-04,2025-12-24T22:10:27
P0233,Each Max,Electronics,BrandA,18.02,2025-06-19,2025-12-19T01:36:59
P0234,Forget Max,Apparel,BrandE,511.62,2024-12-30,2025-12-10T00:39:35
P0235,Wonder Standard,Apparel,BrandA,15.73,2025-04-23,2026-02-01T00:45:26
P0236,Type Pro,Home & Kitchen,BrandB,412.53,2025-01-14,2026-06-07T06:06:32
P0237,Trial Max,Sports,BrandA,1403.62,2025-06-15,2025-12-04T04:35:14
P0238,Or Max,Beauty,BrandE,264.66,2025-05-18,2025-12-24T00:36:20
P0239,Spend Pro,Electronics,BrandD,603.18,2025-04-21,2025-12-30T15:39:10
P0240,Through Standard,Apparel,BrandD,1136.87,2025-01-14,2026-08-07T06:56:04
P0241,Onto Max,Apparel,BrandB,1267.32,2024-11-15,2026-06-13T15:32:07
P0242,Develop Max,Sports,BrandE,1340.51,2025-02-05,2026-03-07T02:32:25
P0243,Third Max,Apparel,BrandD,617.19,2025-02-05,2026-02-28T04:15:48
P0244,Color Pro,Sports,BrandC,956.15,2025-01-27,2026-01-16T05:48:17
P0245,Technology Standard,Apparel,BrandD,687.76,2025-06-23,2025-12-10T05:16:17
P0246,Eye Max,Beauty,BrandE,464.01,2025-07-10,2025-10-01T16:36:34
P0247,Answer Pro,Electronics,BrandA,292.91,2025-06-15,2025-09-21T03:41:31
P0248,Improve Max,Apparel,BrandB,1078.18,2025-03-31,2025-11-07T03:38:30
P0249,Suffer Max,Electronics,BrandE,1275.23,2025-01-14,2026-05-27T06:00:13
P0250,Young Max,Home & Kitchen,BrandB,697.02,2025-08-27,2026-06-07T14:57:54
P0251,Always Pro,Sports,BrandD,494.8,2025-01-22,2026-05-10T03:11:50
P0252,Believe Pro,Beauty,BrandD,744.58,2024-11-26,2026-01-29T23:59:59
P0253,She Pro,Electronics,BrandD,1135.72,2025-08-04,2026-09-18T17:18:01
P0254,Prove Lite,Sports,BrandB,19.35,2025-04-02,2025-10-19T02:04:13
P0255,Appear Pro,Home & Kitchen,BrandB,1157.78,2025-03-19,2026-07-02T09:23:36
P0256,Around Max,Beauty,BrandE,672.45,2025-02-22,2025-11-08T23:13:18
P0257,Little Standard,Electronics,BrandD,1378.15,2025-06-01,2026-06-27T08:09:17
P0258,General Pro,Home & Kitchen,BrandE,634.31,2025-06-27,2026-06-16T22:57:01
P0259,Trade Max,Sports,BrandC,531.42,2024-11-29,2026-01-04T17:53:36
P0260,These Standard,Apparel,BrandA,1486.11,2025-07-20,2025-12-25T22:36:55
P0261,Simply Max,Beauty,BrandD,559.27,2025-09-03,2025-09-30T23:44:34
P0262,Street Standard,Sports,BrandD,1147.94,2024-09-18,2026-03-27T01:04:42
P0263,Reveal Lite,Sports,BrandA,216.17,2025-04-26,2026-03-27T23:02:45
P0264,Value Standard,Apparel,BrandC,928.95,2025-06-21,2026-04-27T21:47:19
P0265,Price Max,Home & Kitchen,BrandC,343.04,2025-07-17,2026-08-17T00:31:58
P0266,Blue Lite,Beauty,BrandA,1148.35,2024-11-17,2025-10-19T00:15:39
P0267,Hour Lite,Apparel,BrandE,1293.86,2024-12-05,2026-01-07T20:35:09
P0268,Cold Pro,Beauty,BrandC,944.83,2025-08-05,2025-10-23T09:20:40
P0269,Go Max,Sports,BrandD,640.35,2024-10-17,2026-05-05T01:25:43
P0270,Prevent Lite,Electronics,BrandD,865.4,2025-07-20,2026-03-02T02:28:11
P0271,Create Standard,Beauty,BrandA,848.03,2025-05-29,2026-01-06T22:44:27
P0272,Fine Standard,Home & Kitchen,BrandD,389.82,2025-02-21,2025-11-12T16:02:16
P0273,Include Lite,Sports,BrandE,433.5,2025-08-14,2026-09-14T08:56:52
P0274,Chance Lite,Electronics,BrandE,298.38,2025-03-30,2026-03-24T21:38:08
P0275,These Lite,Electronics,BrandD,698.44,2025-05-19,2026-06-08T06:40:03
P0276,Explain Lite,Beauty,BrandE,1416.15,2025-04-21,2026-01-05T21:43:56
P0277,Employee Lite,Apparel,BrandD,1102.28,2025-08-30,2026-02-01T17:23:28
P0278,A Pro,Beauty,BrandC,1166.84,2025-07-07,2026-07-02T23:15:07
P0279,Pm Pro,Home & Kitchen,BrandC,480.9,2024-11-02,2025-11-25T17:38:43
P0280,Statement Max,Sports,BrandD,1315.0,2025-03-02,2026-09-12T02:57:44
P0281,Blue Lite,Apparel,BrandA,1255.18,2025-05-20,2025-10-13T08:00:36
P0282,Religious Pro,Apparel,BrandD,217.92,2024-10-22,2025-09-24T20:03:53
P0283,Often Standard,Electronics,BrandD,606.32,2025-08-27,2026-03-05T14:45:40
P0284,Near Pro,Electronics,BrandE,276.92,2024-09-29,2026-07-14T22:13:11
P0285,Region Lite,Home & Kitchen,BrandE,165.52,2025-09-15,2026-02-28T02:42:37
P0286,Low Max,Electronics,BrandE,1317.12,2025-05-05,2025-12-11T12:33:45
P0287,Song Max,Electronics,BrandC,728.88,2024-11-26,2026-04-11T23:20:57
P0288,Perform Max,Sports,BrandE,1107.97,2024-10-13,2026-06-09T02:44:33
P0289,Decision Lite,Electronics,BrandE,527.97,2025-02-16,2026-04-25T05:44:34
P0290,Science Max,Electronics,BrandB,1388.93,2024-12-02,2026-08-04T03:53:09
P0291,Rate Standard,Home & Kitchen,BrandA,80.39,2024-09-30,2026-08-25T12:57:39
P0292,Husband Max,Electronics,BrandC,1083.1,2025-08-07,2026-06-11T18:00:32
P0293,About Standard,Electronics,BrandE,1334.02,2024-12-12,2026-03-06T14:13:48
P0294,Field Lite,Apparel,BrandA,1367.63,2025-04-22,2025-12-14T19:21:50
P0295,Tax Lite,Beauty,BrandC,154.67,2025-08-04,2026-05-24T11:19:37
P0296,Job Lite,Sports,BrandB,1239.95,2025-06-17,2026-02-25T14:49:24
P0297,Now Lite,Beauty,BrandD,858.53,2025-02-01,2026-06-10T02:10:07
P0298,Set Standard,Electronics,BrandA,800.92,2025-02-21,2025-11-17T16:43:50
P0299,Century Max,Beauty,BrandA,56.53,2025-06-04,2025-10-05T10:59:46
P0300,Tree Max,Beauty,BrandC,1333.95,2025-03-31,2026-06-09T15:38:04
P0301,College Pro,Electronics,BrandB,414.36,2024-09-30,2026-08-11T06:45:17
P0302,Station Lite,Home & Kitchen,BrandC,205.97,2025-08-02,2026-05-07T00:31:07
P0303,To Pro,Beauty,BrandD,418.65,2025-07-15,2026-04-23T12:39:50
P0304,Half Lite,Beauty,BrandE,1354.56,2025-01-31,2026-09-03T01:32:19
P0305,Look Standard,Home & Kitchen,BrandB,458.32,2025-04-28,2026-01-08T11:25:18
P0306,Speak Pro,Beauty,BrandB,1183.22,2025-03-03,2026-04-02T23:46:31
P0307,Three Max,Electronics,BrandC,1366.14,2025-04-27,2026-06-07T22:47:43
P0308,Organization Standard,Beauty,BrandB,479.99,2025-06-10,2026-03-01T21:05:29
P0309,Ability Standard,Apparel,BrandB,1409.02,2024-12-25,2026-02-04T01:27:54
P0310,Key Max,Electronics,BrandE,21.79,2025-03-07,2025-11-30T08:10:45
P0311,Tv Max,Apparel,BrandC,664.97,2025-06-25,2025-11-30T13:20:53
P0312,Popular Pro,Home & Kitchen,BrandD,467.88,2025-09-08,2025-11-13T10:51:17
P0313,Staff Standard,Home & Kitchen,BrandE,439.97,2025-08-17,2026-01-14T10:16:54
P0314,Somebody Lite,Home & Kitchen,BrandE,342.03,2025-06-27,2026-05-12T10:54:14
P0315,Model Standard,Home & Kitchen,BrandB,153.62,2025-03-31,2026-05-14T14:02:43
P0316,Perhaps Max,Sports,BrandB,475.68,2025-02-04,2026-07-21T08:25:29
P0317,Court Standard,Electronics,BrandB,438.33,2025-01-09,2026-04-06T08:28:42
P0318,According Lite,Apparel,BrandA,257.67,2024-10-08,2025-11-05T11:51:41
P0319,Produce Pro,Electronics,BrandB,597.64,2024-10-16,2026-09-06T04:19:02
P0320,Town Max,Electronics,BrandA,1394.65,2025-01-28,2025-11-06T01:16:05
P0321,Support Standard,Apparel,BrandB,953.63,2025-07-22,2026-04-23T23:14:00
P0322,South Standard,Beauty,BrandB,644.14,2025-09-12,2026-07-19T20:45:38
P0323,Administration Lite,Sports,BrandE,1099.94,2024-11-24,2026-05-31T21:48:27
P0324,Despite Lite,Sports,BrandC,1071.42,2025-02-20,2026-02-17T09:53:19
P0325,Simple Lite,Sports,BrandC,264.74,2024-10-29,2026-01-18T20:54:13
P0326,Everything Lite,Apparel,BrandC,218.52,2024-10-04,2025-10-09T23:11:30
P0327,Might Lite,Electronics,BrandD,182.33,2025-02-21,2026-08-14T23:16:55
P0328,Word Lite,Beauty,BrandC,926.27,2025-07-23,2025-10-09T16:09:05
P0329,Board Standard,Electronics,BrandA,510.62,2025-07-20,2025-12-03T20:47:28
P0330,Republican Pro,Sports,BrandA,551.28,2024-11-02,2025-11-15T16:24:38
P0331,Finish Pro,Home & Kitchen,BrandD,686.62,2025-03-29,2026-06-04T07:13:20
P0332,Unit Lite,Beauty,BrandB,1149.38,2025-05-04,2026-08-06T15:25:19
P0333,Turn Max,Home & Kitchen,BrandB,453.37,2025-03-14,2026-02-10T15:38:47
P0334,Difference Lite,Electronics,BrandD,187.43,2025-09-05,2026-04-18T18:24:07
P0335,Dinner Lite,Sports,BrandD,307.16,2025-03-28,2026-01-26T19:34:53
P0336,Nothing Lite,Sports,BrandB,64.6,2024-11-17,2026-09-06T20:59:43
P0337,Pass Max,Beauty,BrandE,806.13,2025-03-25,2026-05-22T22:22:05
P0338,Rule Max,Apparel,BrandA,799.48,2025-02-26,2025-09-23T04:39:15
P0339,Some Standard,Electronics,BrandA,1035.69,2024-11-15,2025-11-26T07:45:19
P0340,Sister Max,Sports,BrandE,1470.8,2025-05-10,2026-01-08T21:30:24
P0341,Agreement Standard,Electronics,BrandE,716.91,2025-09-12,2026-08-11T08:16:04
P0342,Successful Max,Sports,BrandA,535.41,2025-02-08,2026-04-11T22:42:26
P0343,Three Max,Beauty,BrandE,718.07,2024-12-15,2025-11-23T02:57:30
P0344,Buy Pro,Home & Kitchen,BrandE,657.84,2025-01-22,2025-11-29T18:49:53
P0345,Themselves Lite,Electronics,BrandC,280.49,2025-04-01,2026-01-13T00:22:58
P0346,Surface Standard,Home & Kitchen,BrandD,496.8,2025-05-31,2026-05-31T06:07:34
P0347,True Max,Home & Kitchen,BrandB,729.12,2025-06-25,2026-09-01T17:09:45
P0348,Game Pro,Electronics,BrandE,851.14,2025-01-13,2026-02-02T16:27:23
P0349,Into Pro,Home & Kitchen,BrandD,1031.48,2025-06-17,2026-05-14T13:05:21
P0350,Idea Max,Home & Kitchen,BrandC,1305.34,2025-06-24,2026-02-11T00:48:56
P0351,System Standard,Electronics,BrandD,669.61,2025-08-26,2025-10-25T06:53:13
P0352,Successful Standard,Apparel,BrandE,1215.52,2025-06-14,2026-09-06T08:58:27
P0353,Simple Pro,Home & Kitchen,BrandB,322.75,2024-11-07,2025-09-22T02:48:35
P0354,Believe Standard,Apparel,BrandE,910.86,2025-09-13,2026-02-27T17:57:57
P0355,Eat Lite,Beauty,BrandD,400.37,2025-07-06,2026-06-30T22:33:30
P0356,Development Lite,Electronics,BrandE,885.44,2025-06-07,2026-05-13T08:09:07
P0357,Easy Pro,Electronics,BrandA,81.85,2025-02-05,2026-05-14T23:13:30
P0358,National Lite,Beauty,BrandB,870.38,2025-02-17,2025-12-01T05:13:27
P0359,Property Max,Home & Kitchen,BrandB,151.85,2024-12-25,2026-01-25T08:28:09
P0360,What Pro,Sports,BrandE,620.3,2025-04-04,2026-08-04T00:36:57
P0361,Worry Lite,Home & Kitchen,BrandB,979.32,2025-06-13,2026-07-16T16:46:47
P0362,Pull Standard,Home & Kitchen,BrandE,1166.95,2025-08-17,2026-06-20T14:35:59
P0363,Ball Lite,Sports,BrandE,1089.05,2025-07-31,2025-11-11T20:39:12
P0364,Itself Lite,Beauty,BrandB,845.95,2025-05-31,2026-05-04T04:50:54
P0365,Buy Lite,Beauty,BrandC,956.31,2025-03-14,2026-06-01T10:38:47
P0366,Follow Lite,Sports,BrandB,1418.72,2024-10-16,2025-09-23T10:26:13
P0367,Manager Pro,Sports,BrandA,276.93,2025-01-06,2026-02-10T00:12:20
P0368,Agent Pro,Beauty,BrandE,699.51,2024-10-02,2026-09-17T10:33:58
P0369,Guess Pro,Apparel,BrandC,797.94,2024-10-17,2026-06-30T03:46:01
P0370,Rock Max,Sports,BrandD,1349.08,2025-05-21,2025-10-19T21:04:01
P0371,Plan Standard,Electronics,BrandC,1128.41,2024-09-30,2026-05-26T15:00:22
P0372,Five Lite,Home & Kitchen,BrandC,1218.22,2025-04-01,2026-07-27T09:11:09
P0373,Chair Lite,Apparel,BrandD,749.55,2025-04-20,2026-01-23T20:07:30
P0374,Room Max,Sports,BrandD,1473.24,2025-03-24,2025-09-29T00:53:49
P0375,Experience Pro,Electronics,BrandB,1091.92,2025-07-09,2026-06-11T14:17:33
P0376,Far Pro,Apparel,BrandE,759.14,2024-11-20,2025-10-13T07:17:33
P0377,Lot Standard,Sports,BrandA,1165.29,2024-09-29,2026-08-23T17:39:01
P0378,Office Max,Sports,BrandD,1253.1,2025-06-28,2026-01-28T01:58:10
P0379,Business Pro,Home & Kitchen,BrandC,868.89,2025-04-04,2025-12-27T02:52:19
P0380,His Pro,Sports,BrandE,949.11,2024-10-02,2026-02-22T10:10:50
P0381,Argue Max,Electronics,BrandD,707.34,2025-08-22,2026-02-11T02:51:11
P0382,Suggest Pro,Home & Kitchen,BrandC,230.23,2024-12-17,2025-09-24T08:48:13
P0383,Will Standard,Beauty,BrandE,319.51,2025-07-24,2025-10-08T15:40:52
P0384,Assume Lite,Electronics,BrandC,1119.33,2025-07-03,2026-06-15T16:02:47
P0385,Degree Pro,Beauty,BrandA,1155.52,2025-07-12,2025-10-01T21:38:44
P0386,Blood Lite,Apparel,BrandB,1013.27,2025-01-16,2026-05-20T04:26:04
P0387,Future Pro,Electronics,BrandA,867.75,2025-09-13,2025-11-29T19:40:20
P0388,Win Pro,Electronics,BrandB,1438.2,2025-09-12,2026-06-04T09:18:21
P0389,Teacher Max,Sports,BrandD,467.99,2025-09-03,2025-11-09T18:51:18
P0390,Sort Lite,Home & Kitchen,BrandA,372.59,2025-06-02,2026-07-19T02:18:37
P0391,Fine Standard,Electronics,BrandE,98.02,2025-01-10,2025-10-20T04:14:24
P0392,Sense Lite,Sports,BrandA,1284.82,2025-01-16,2025-11-25T04:59:44
P0393,Great Pro,Electronics,BrandC,498.33,2025-06-23,2026-09-10T18:49:34
P0394,Herself Max,Home & Kitchen,BrandB,1074.8,2025-09-13,2025-10-20T11:25:00
P0395,Her Max,Beauty,BrandA,1359.61,2024-12-15,2026-04-03T10:02:04
P0396,Unit Standard,Apparel,BrandD,1138.71,2025-02-12,2026-02-08T09:50:37
P0397,Military Max,Beauty,BrandA,333.38,2025-08-11,2025-10-24T10:36:01
P0398,Director Lite,Sports,BrandE,607.41,2025-02-26,2026-02-01T02:51:47
P0399,Late Max,Apparel,BrandC,370.57,2025-07-18,2026-06-24T05:43:27
P0400,Your Pro,Electronics,BrandC,821.38,2025-03-07,2026-02-16T23:12:38
P0401,Institution Standard,Electronics,BrandC,952.97,2025-08-10,2026-03-01T03:32:19
P0402,Its Lite,Beauty,BrandB,138.06,2024-09-27,2026-09-14T15:00:37
P0403,Table Lite,Beauty,BrandD,366.72,2024-10-01,2026-09-06T01:40:40
P0404,Herself Standard,Sports,BrandB,542.03,2025-05-13,2026-01-15T17:12:34
P0405,Important Pro,Electronics,BrandD,442.36,2025-04-08,2026-07-18T22:19:27
P0406,Police Standard,Sports,BrandA,993.44,2025-05-31,2025-12-16T05:50:17
P0407,Blue Max,Beauty,BrandD,280.75,2025-04-14,2026-01-14T02:08:39
P0408,Important Pro,Apparel,BrandE,895.81,2025-04-10,2025-10-07T09:52:53
P0409,Expert Standard,Beauty,BrandA,521.24,2025-02-28,2026-01-05T14:51:26
P0410,Language Max,Home & Kitchen,BrandB,786.65,2025-07-02,2026-07-23T01:57:50
P0411,Federal Standard,Home & Kitchen,BrandC,112.35,2025-07-26,2025-10-19T14:09:59
P0412,Power Standard,Electronics,BrandA,1341.02,2025-02-15,2025-10-19T16:25:17
P0413,Mission Standard,Home & Kitchen,BrandB,508.8,2025-03-22,2025-11-20T11:39:44
P0414,I Lite,Beauty,BrandC,73.85,2024-11-12,2025-10-03T08:26:24
P0415,Market Lite,Electronics,BrandA,291.47,2025-06-23,2026-01-07T04:39:57
P0416,Training Pro,Apparel,BrandD,1470.39,2025-07-30,2025-10-19T00:00:55
P0417,Seven Pro,Home & Kitchen,BrandB,735.04,2024-11-28,2026-08-18T04:42:30
P0418,Woman Max,Beauty,BrandB,1401.1,2024-12-21,2025-09-20T16:11:34
P0419,Film Pro,Home & Kitchen,BrandC,1017.88,2025-05-21,2026-08-12T22:26:14
P0420,Program Standard,Electronics,BrandE,1134.92,2024-11-16,2026-01-04T20:25:58
P0421,Piece Max,Sports,BrandC,1193.43,2025-03-15,2026-07-01T08:23:29
P0422,Like Pro,Sports,BrandD,866.95,2025-04-25,2025-10-15T22:41:10
P0423,Father Pro,Beauty,BrandD,609.18,2025-07-06,2026-06-03T01:38:41
P0424,Call Pro,Sports,BrandB,267.97,2025-08-23,2026-06-03T06:29:54
P0425,Benefit Lite,Sports,BrandE,686.97,2025-05-15,2026-06-17T00:16:17
P0426,No Lite,Home & Kitchen,BrandC,176.71,2025-03-16,2025-10-07T07:20:49
P0427,Middle Max,Home & Kitchen,BrandE,1125.44,2025-05-24,2026-04-15T22:01:07
P0428,Court Standard,Apparel,BrandD,193.7,2024-10-23,2025-09-21T00:39:43
P0429,Cultural Lite,Apparel,BrandA,966.29,2024-10-28,2025-10-04T23:30:35
P0430,Or Standard,Sports,BrandE,1477.83,2025-04-15,2026-06-11T18:59:31
P0431,Behavior Pro,Beauty,BrandC,1165.73,2025-01-15,2026-04-07T22:47:31
P0432,Risk Pro,Apparel,BrandC,1421.2,2025-02-08,2026-06-06T19:35:47
P0433,New Pro,Sports,BrandD,316.26,2025-05-01,2026-08-15T19:48:55
P0434,Reveal Standard,Beauty,BrandC,1443.08,2025-04-13,2026-05-28T09:32:32
P0435,Congress Max,Apparel,BrandB,613.01,2024-10-23,2026-03-12T08:36:12
P0436,Capital Standard,Beauty,BrandA,1245.81,2025-07-03,2025-12-20T17:52:02
P0437,Measure Pro,Apparel,BrandA,911.51,2025-05-19,2026-03-28T20:28:45
P0438,Suffer Pro,Home & Kitchen,BrandB,773.85,2025-06-16,2026-01-12T03:23:58
P0439,Vote Standard,Electronics,BrandB,821.98,2024-12-26,2025-12-07T17:51:50
P0440,Size Standard,Apparel,BrandC,404.12,2024-10-11,2025-09-21T02:46:28
P0441,Health Max,Electronics,BrandC,111.05,2024-11-10,2025-10-03T20:41:38
P0442,Church Max,Apparel,BrandA,920.71,2025-05-08,2025-11-08T15:24:22
P0443,Child Lite,Beauty,BrandD,209.59,2025-03-06,2026-09-11T06:26:36
P0444,Her Lite,Home & Kitchen,BrandA,39.32,2025-07-07,2026-01-29T12:29:35
P0445,Sing Standard,Sports,BrandC,158.56,2025-04-15,2025-11-02T20:25:44
P0446,Both Max,Apparel,BrandC,563.13,2025-02-12,2026-02-12T19:33:00
P0447,Own Max,Sports,BrandA,98.65,2025-08-12,2025-11-16T05:37:52
P0448,Be Standard,Sports,BrandC,157.2,2025-04-12,2026-03-31T00:59:00
P0449,Enjoy Max,Apparel,BrandC,820.54,2024-11-16,2026-09-08T13:17:37
P0450,Service Standard,Electronics,BrandE,1097.98,2024-10-20,2025-12-03T08:47:27
P0451,Occur Standard,Apparel,BrandD,1474.62,2025-08-21,2025-11-06T19:15:12
P0452,Last Standard,Apparel,BrandB,274.41,2025-03-20,2025-11-05T15:54:04
P0453,Herself Pro,Beauty,BrandC,1192.24,2024-12-19,2026-06-07T11:52:03
P0454,Heart Max,Home & Kitchen,BrandA,404.87,2025-06-24,2026-02-06T18:39:55
P0455,Chair Max,Apparel,BrandD,158.52,2025-05-26,2026-08-21T00:26:43
P0456,Bring Pro,Electronics,BrandB,465.16,2024-12-01,2026-07-23T01:46:33
P0457,Reach Standard,Electronics,BrandD,330.52,2025-05-09,2026-03-03T13:33:06
P0458,Southern Standard,Electronics,BrandB,823.77,2025-08-01,2025-11-20T02:33:51
P0459,Full Standard,Apparel,BrandA,1402.03,2025-01-19,2026-08-28T00:55:05
P0460,Red Max,Electronics,BrandA,895.89,2025-04-16,2026-07-03T21:13:47
P0461,Away Max,Beauty,BrandD,1084.95,2025-07-01,2026-01-09T04:20:36
P0462,Represent Pro,Sports,BrandC,302.92,2025-06-12,2025-12-26T02:42:23
P0463,Before Pro,Electronics,BrandC,702.62,2025-08-03,2026-04-25T03:23:07
P0464,Form Lite,Electronics,BrandA,152.71,2024-11-27,2025-12-25T18:14:51
P0465,Surface Max,Apparel,BrandC,1433.42,2024-11-09,2026-04-18T07:14:48
P0466,There Pro,Electronics,BrandD,332.12,2025-07-12,2026-04-12T01:09:08
P0467,Should Standard,Electronics,BrandB,1131.43,2024-11-23,2026-02-28T08:45:19
P0468,Pretty Pro,Beauty,BrandB,248.77,2024-11-12,2026-04-03T07:41:49
P0469,Speak Pro,Apparel,BrandE,1221.37,2024-12-05,2025-10-08T09:59:42
P0470,Hard Pro,Sports,BrandD,1328.05,2024-12-14,2026-03-27T00:05:22
P0471,Candidate Standard,Beauty,BrandB,286.6,2024-11-28,2026-05-11T12:22:05
P0472,Tend Pro,Home & Kitchen,BrandC,1306.51,2024-12-10,2026-06-24T12:15:56
P0473,Firm Lite,Beauty,BrandA,1498.2,2024-10-22,2026-01-02T00:35:03
P0474,Happen Pro,Sports,BrandB,825.26,2025-01-30,2026-08-15T02:44:39
P0475,Reveal Pro,Beauty,BrandA,687.63,2025-01-13,2025-10-11T11:40:50
P0476,Those Lite,Apparel,BrandD,90.15,2025-01-20,2026-06-25T01:09:24
P0477,Begin Max,Apparel,BrandC,446.77,2024-11-24,2026-05-10T04:57:21
P0478,Consumer Max,Apparel,BrandC,224.89,2025-05-26,2026-09-15T23:57:59
P0479,Weight Standard,Electronics,BrandB,520.06,2024-12-20,2026-04-26T10:17:22
P0480,Break Max,Sports,BrandC,1135.44,2025-05-11,2025-09-22T11:03:31
P0481,On Max,Electronics,BrandE,414.68,2024-10-22,2026-05-31T06:09:41
P0482,Less Standard,Beauty,BrandB,569.98,2025-07-18,2026-05-19T07:20:25
P0483,So Pro,Apparel,BrandB,636.79,2025-02-03,2026-08-13T16:42:36
P0484,Tv Lite,Home & Kitchen,BrandA,344.73,2024-10-02,2026-06-21T22:25:37
P0485,Decade Max,Beauty,BrandD,127.57,2024-10-22,2026-02-27T00:28:50
P0486,Along Standard,Sports,BrandC,1083.1,2025-06-22,2026-01-04T12:27:03
P0487,Throw Pro,Apparel,BrandC,1422.55,2025-04-01,2026-04-10T17:41:04
P0488,Wrong Lite,Sports,BrandE,532.63,2025-03-03,2026-06-18T17:44:32
P0489,Southern Standard,Electronics,BrandB,167.6,2025-08-06,2026-06-04T04:46:18
P0490,Where Pro,Home & Kitchen,BrandE,876.35,2025-01-11,2026-06-26T03:41:40
P0491,Lot Pro,Apparel,BrandD,815.33,2025-07-29,2026-02-21T18:13:28
P0492,Possible Standard,Home & Kitchen,BrandE,1205.48,2025-01-19,2026-07-14T06:43:17
P0493,Make Standard,Home & Kitchen,BrandD,838.44,2024-11-09,2026-04-30T19:13:30
P0494,Girl Standard,Apparel,BrandB,700.78,2025-07-02,2025-11-12T19:14:18
P0495,Many Pro,Electronics,BrandE,793.02,2025-04-15,2025-11-25T02:02:27
P0496,Parent Lite,Beauty,BrandC,45.22,2024-10-13,2025-09-19T01:43:06
P0497,Bank Max,Beauty,BrandE,1464.87,2025-04-09,2026-04-15T05:15:16
P0498,However Pro,Sports,BrandA,741.14,2025-05-24,2025-10-19T23:36:35
P0499,Wide Max,Electronics,BrandD,458.16,2025-03-05,2025-11-29T11:30:15
P0500,Week Pro,Beauty,BrandE,1108.1,2025-09-12,2026-02-20T12:22:11
P0501,Of Max,Beauty,BrandE,1443.3,2024-12-30,2026-08-25T20:31:15
P0502,On Max,Apparel,BrandC,1469.67,2025-05-28,2025-11-18T23:19:34
P0503,High Lite,Sports,BrandC,769.69,2024-09-24,2026-03-25T06:42:43
P0504,Contain Lite,Beauty,BrandA,761.21,2025-05-19,2026-08-09T11:17:05
P0505,Relationship Pro,Apparel,BrandE,1448.54,2025-02-09,2025-10-08T08:37:36
P0506,Open Standard,Home & Kitchen,BrandC,653.22,2025-06-19,2025-12-30T02:29:25
P0507,Term Max,Electronics,BrandB,108.22,2025-05-17,2026-07-18T17:28:52
P0508,Nice Max,Apparel,BrandD,1032.62,2025-06-30,2026-07-18T06:08:42
P0509,Four Max,Electronics,BrandC,1354.97,2025-03-19,2025-10-25T22:29:11
P0510,Rise Pro,Apparel,BrandB,12.95,2025-06-03,2026-07-30T04:24:01
P0511,Treatment Pro,Electronics,BrandE,783.31,2025-03-19,2026-08-03T12:13:56
P0512,Reduce Max,Home & Kitchen,BrandD,685.62,2025-07-03,2025-10-16T03:06:35
P0513,Song Pro,Sports,BrandA,15.0,2025-03-07,2026-03-16T19:39:54
P0514,Visit Pro,Electronics,BrandC,187.48,2024-09-18,2026-03-24T21:48:11
P0515,Financial Pro,Electronics,BrandE,1432.87,2025-06-22,2026-08-22T00:40:38
P0516,New Pro,Beauty,BrandE,1131.92,2024-10-22,2026-03-15T13:22:29
P0517,White Max,Apparel,BrandB,1031.41,2025-09-13,2025-11-09T08:01:12
P0518,Act Max,Beauty,BrandE,1013.15,2025-03-13,2025-10-02T10:57:17
P0519,Tree Standard,Sports,BrandA,588.42,2025-05-01,2025-11-04T06:14:04
P0520,Child Lite,Home & Kitchen,BrandE,1483.6,2025-07-16,2026-05-26T03:48:12
P0521,As Pro,Sports,BrandD,725.24,2025-07-27,2025-10-11T23:47:32
P0522,At Lite,Beauty,BrandB,70.54,2024-11-22,2026-08-10T21:06:28
P0523,Able Pro,Sports,BrandE,777.42,2025-07-26,2026-08-07T15:51:43
P0524,Traditional Max,Apparel,BrandD,186.92,2025-09-06,2026-07-04T07:58:10
P0525,Church Pro,Apparel,BrandD,132.9,2025-04-13,2026-01-26T12:38:48
P0526,Sure Pro,Sports,BrandA,484.33,2025-04-11,2026-03-25T13:23:56
P0527,Fall Lite,Home & Kitchen,BrandC,756.86,2025-03-14,2025-10-12T17:56:04
P0528,Election Lite,Apparel,BrandA,291.78,2024-12-07,2026-02-09T10:57:16
P0529,Again Lite,Electronics,BrandA,550.9,2024-09-23,2025-11-22T09:52:45
P0530,Voice Lite,Apparel,BrandC,625.18,2025-05-18,2026-03-30T21:36:33
P0531,System Pro,Beauty,BrandC,568.84,2025-04-04,2026-05-11T02:51:27
P0532,Result Lite,Home & Kitchen,BrandE,1336.95,2025-02-17,2026-05-09T04:34:48
P0533,Cause Lite,Beauty,BrandD,668.01,2025-05-24,2026-04-16T18:59:53
P0534,Use Pro,Electronics,BrandA,830.3,2024-12-28,2026-05-19T03:00:25
P0535,Pm Lite,Electronics,BrandB,1062.45,2025-08-24,2026-03-12T03:59:31
P0536,Cup Pro,Sports,BrandB,1381.77,2024-12-31,2026-02-18T13:39:21
P0537,Dog Max,Sports,BrandD,898.73,2025-04-04,2025-11-01T20:15:03
P0538,Note Lite,Electronics,BrandB,1441.85,2024-12-01,2026-05-11T21:52:27
P0539,Likely Standard,Apparel,BrandA,801.01,2024-12-08,2025-12-12T08:50:45
P0540,Step Pro,Beauty,BrandC,1036.35,2025-02-21,2025-12-04T08:20:46
P0541,Its Max,Beauty,BrandB,1186.61,2025-09-04,2026-07-04T17:56:01
P0542,Test Lite,Apparel,BrandD,474.24,2025-06-01,2025-12-08T04:12:48
P0543,Beyond Max,Home & Kitchen,BrandD,35.92,2025-02-05,2026-07-09T02:28:05
P0544,Field Lite,Electronics,BrandB,933.43,2024-12-24,2025-10-17T14:13:10
P0545,Drug Max,Sports,BrandC,169.7,2024-09-28,2026-02-13T02:29:25
P0546,Policy Pro,Beauty,BrandA,946.23,2025-06-27,2026-02-22T05:23:13
P0547,How Lite,Home & Kitchen,BrandE,36.67,2025-02-19,2026-02-06T04:17:33
P0548,She Standard,Electronics,BrandA,100.64,2024-11-17,2026-01-04T00:55:29
P0549,Keep Max,Apparel,BrandA,404.11,2025-02-03,2025-10-27T11:55:28
P0550,Stage Standard,Electronics,BrandA,137.03,2024-10-04,2026-05-27T14:18:08
P0551,This Max,Sports,BrandB,692.84,2025-05-02,2026-05-16T17:21:20
P0552,Purpose Pro,Electronics,BrandB,308.75,2025-08-12,2025-11-18T08:29:28
P0553,Star Max,Sports,BrandD,112.28,2025-05-19,2025-09-21T10:37:00
P0554,Take Pro,Apparel,BrandA,985.75,2024-11-20,2026-07-16T05:41:32
P0555,Chance Lite,Sports,BrandC,27.18,2024-09-27,2026-05-22T16:24:48
P0556,Training Standard,Beauty,BrandC,344.34,2024-11-28,2026-09-08T20:49:30
P0557,Republican Lite,Home & Kitchen,BrandD,1090.86,2025-01-25,2026-07-19T23:14:29
P0558,Fund Lite,Apparel,BrandB,1467.92,2025-04-11,2026-03-22T14:49:33
P0559,Mouth Standard,Apparel,BrandC,580.4,2025-09-02,2026-02-21T17:45:58
P0560,School Pro,Electronics,BrandE,141.29,2025-01-27,2025-09-28T15:00:35
P0561,Drive Max,Electronics,BrandC,753.84,2025-06-05,2026-06-30T02:47:06
P0562,Continue Max,Home & Kitchen,BrandD,1269.56,2025-06-11,2026-08-29T15:51:58
P0563,Few Lite,Apparel,BrandC,841.92,2025-01-09,2026-06-20T16:41:46
P0564,Order Standard,Electronics,BrandD,1498.77,2025-05-25,2026-02-26T19:37:26
P0565,Teacher Max,Apparel,BrandC,1137.72,2025-03-14,2025-11-20T02:22:49
P0566,Kitchen Max,Beauty,BrandB,597.42,2025-03-31,2026-03-18T07:13:17
P0567,Letter Pro,Sports,BrandD,1272.48,2024-11-17,2025-10-09T04:18:43
P0568,Idea Standard,Home & Kitchen,BrandD,1429.53,2025-06-23,2026-03-20T19:31:04
P0569,Husband Max,Home & Kitchen,BrandA,1435.03,2024-11-15,2026-03-31T04:01:56
P0570,Generation Standard,Beauty,BrandE,668.58,2025-01-31,2025-12-30T07:20:59
P0571,His Lite,Sports,BrandC,715.22,2025-04-16,2026-02-09T09:17:21
P0572,Place Pro,Apparel,BrandE,99.53,2024-11-17,2026-08-13T20:22:36
P0573,Enter Max,Home & Kitchen,BrandA,64.38,2025-03-23,2026-07-14T15:37:21
P0574,Usually Pro,Sports,BrandC,755.89,2025-02-24,2026-04-07T06:22:35
P0575,Floor Standard,Home & Kitchen,BrandB,197.08,2024-11-14,2026-04-17T19:52:50
P0576,Visit Lite,Home & Kitchen,BrandB,468.32,2025-04-01,2025-09-26T22:56:06
P0577,Common Lite,Beauty,BrandD,826.05,2025-06-03,2026-05-22T03:24:13
P0578,Number Pro,Apparel,BrandA,511.05,2025-04-30,2026-02-11T04:43:58
P0579,Medical Standard,Home & Kitchen,BrandE,1110.0,2024-11-17,2026-06-28T19:23:28
P0580,Benefit Lite,Apparel,BrandC,392.6,2024-12-17,2026-02-23T02:35:37
P0581,Civil Max,Electronics,BrandD,993.29,2025-09-01,2025-11-11T09:38:06
P0582,Others Lite,Home & Kitchen,BrandA,1151.96,2025-01-01,2026-05-16T01:55:04
P0583,Usually Pro,Sports,BrandD,1163.42,2025-01-30,2026-05-10T00:39:28
P0584,Benefit Pro,Sports,BrandB,700.76,2025-01-04,2025-10-14T03:55:35
P0585,Five Pro,Beauty,BrandB,467.02,2024-12-16,2026-02-26T17:01:29
P0586,Return Lite,Sports,BrandC,755.66,2025-09-17,2026-07-17T07:53:31
P0587,Draw Max,Electronics,BrandE,780.06,2024-12-12,2026-07-19T18:08:39
P0588,Might Standard,Sports,BrandA,1489.68,2025-03-18,2026-04-16T23:06:22
P0589,Hard Standard,Home & Kitchen,BrandA,527.5,2024-12-01,2026-08-20T08:54:55
P0590,Their Pro,Electronics,BrandA,280.8,2024-12-07,2026-08-07T07:37:35
P0591,Decide Max,Home & Kitchen,BrandC,302.15,2024-12-31,2025-12-01T06:31:57
P0592,Light Lite,Electronics,BrandB,378.23,2024-09-18,2026-01-14T15:01:47
P0593,Amount Pro,Electronics,BrandD,85.93,2024-12-09,2026-08-07T15:14:33
P0594,Officer Standard,Electronics,BrandB,750.04,2024-10-01,2025-10-14T01:28:00
P0595,Admit Pro,Sports,BrandD,88.78,2024-12-30,2026-09-01T16:26:29
P0596,Set Pro,Apparel,BrandB,103.1,2024-12-10,2026-02-21T10:58:07
P0597,Pattern Max,Electronics,BrandE,675.62,2025-02-06,2025-11-10T10:05:52
P0598,Baby Pro,Electronics,BrandA,1213.31,2024-11-05,2026-02-03T23:31:26
P0599,Natural Pro,Electronics,BrandB,453.74,2025-06-23,2026-04-14T19:02:12
P0600,Plan Standard,Electronics,BrandB,169.34,2025-03-22,2026-07-29T07:54:49
P0601,Arm Standard,Electronics,BrandE,1235.73,2025-04-20,2026-05-02T18:07:17
P0602,Quickly Standard,Electronics,BrandA,1328.09,2024-09-26,2026-05-13T06:46:01
P0603,Lead Standard,Apparel,BrandC,1028.78,2025-03-12,2026-06-16T15:13:20
P0604,Product Pro,Sports,BrandC,156.8,2025-03-22,2026-02-16T23:50:19
P0605,Election Lite,Beauty,BrandE,499.7,2025-09-02,2026-03-07T00:09:21
P0606,Dark Lite,Electronics,BrandA,124.79,2025-08-07,2026-07-09T08:52:47
P0607,Instead Standard,Home & Kitchen,BrandB,513.17,2025-06-09,2026-06-29T20:23:39
P0608,Choice Max,Electronics,BrandA,714.1,2025-01-26,2026-06-10T23:02:04
P0609,Weight Max,Sports,BrandE,1017.23,2024-10-18,2026-06-16T09:37:41
P0610,Reason Standard,Sports,BrandA,712.79,2025-02-15,2026-02-23T19:13:14
P0611,Agency Standard,Sports,BrandA,1075.44,2025-06-13,2026-06-26T13:10:22
P0612,Able Standard,Electronics,BrandD,167.62,2025-03-03,2025-12-26T07:26:47
P0613,Consumer Pro,Sports,BrandE,175.49,2025-06-07,2026-05-02T06:18:30
P0614,Us Standard,Apparel,BrandB,1341.7,2024-11-23,2026-03-12T20:08:19
P0615,Discover Standard,Home & Kitchen,BrandD,740.71,2024-11-18,2025-11-08T20:28:02
P0616,Adult Pro,Sports,BrandB,732.9,2025-02-15,2025-11-26T06:44:40
P0617,Religious Max,Electronics,BrandD,1318.68,2025-03-18,2026-04-19T04:27:18
P0618,What Pro,Electronics,BrandB,1199.42,2025-07-04,2025-12-27T07:01:28
P0619,Control Pro,Sports,BrandC,1178.72,2024-09-26,2026-06-08T19:01:20
P0620,Left Standard,Sports,BrandA,31.95,2025-02-13,2026-05-19T03:04:42
P0621,Health Lite,Home & Kitchen,BrandB,1199.62,2025-07-31,2025-11-23T10:20:27
P0622,Participant Max,Apparel,BrandD,1446.37,2024-09-26,2025-09-25T13:57:04
P0623,Participant Max,Electronics,BrandD,881.77,2024-10-10,2026-09-15T11:41:51
P0624,Born Standard,Sports,BrandD,831.71,2025-04-26,2025-12-22T22:55:54
P0625,Figure Standard,Home & Kitchen,BrandD,1002.91,2025-09-15,2025-12-09T07:48:31
P0626,Wind Pro,Beauty,BrandD,1026.54,2025-08-04,2026-07-23T21:01:18
P0627,Environment Lite,Electronics,BrandD,933.42,2025-05-23,2026-03-11T09:45:06
P0628,I Pro,Apparel,BrandE,1276.06,2025-03-25,2026-02-12T01:26:19
P0629,Model Lite,Apparel,BrandA,489.56,2024-11-26,2026-06-08T21:27:12
P0630,Support Pro,Beauty,BrandC,1236.94,2025-04-02,2026-03-19T11:46:30
P0631,Degree Standard,Electronics,BrandA,725.71,2025-05-29,2026-04-28T01:01:22
P0632,Every Pro,Apparel,BrandB,552.33,2025-06-13,2025-12-27T19:04:49
P0633,Tough Lite,Apparel,BrandC,1274.32,2025-03-22,2025-10-06T06:51:46
P0634,Third Pro,Sports,BrandE,1299.9,2025-09-01,2026-01-09T08:15:22
P0635,Establish Max,Home & Kitchen,BrandE,1284.37,2025-04-19,2025-12-10T13:10:45
P0636,On Pro,Apparel,BrandA,25.23,2024-09-24,2026-08-09T10:13:11
P0637,Quickly Pro,Beauty,BrandE,1215.96,2025-03-30,2025-12-24T20:39:40
P0638,Later Pro,Electronics,BrandC,1288.65,2025-08-06,2025-11-22T19:55:53
P0639,Strong Pro,Apparel,BrandA,558.77,2024-11-08,2026-08-26T18:46:33
P0640,Note Pro,Beauty,BrandD,1082.35,2025-04-25,2025-10-06T12:21:17
P0641,Treatment Standard,Home & Kitchen,BrandD,1072.24,2024-10-27,2026-01-07T02:17:06
P0642,Game Max,Apparel,BrandE,1295.13,2025-01-13,2026-03-23T13:33:39
P0643,Environment Max,Home & Kitchen,BrandE,145.17,2025-06-16,2025-12-07T04:41:49
P0644,Close Pro,Home & Kitchen,BrandA,1232.08,2025-04-28,2026-04-15T07:06:42
P0645,Public Lite,Beauty,BrandD,396.77,2025-02-27,2025-11-21T23:52:26
P0646,Wait Max,Beauty,BrandE,1232.19,2024-10-14,2025-11-20T23:49:30
P0647,Property Standard,Electronics,BrandC,713.96,2024-09-26,2026-04-09T10:11:14
P0648,Simple Lite,Home & Kitchen,BrandA,213.86,2024-12-21,2025-09-21T02:12:03
P0649,Discover Pro,Beauty,BrandD,500.98,2025-09-01,2026-03-17T10:23:52
P0650,Age Pro,Apparel,BrandB,892.49,2025-08-29,2026-09-18T09:27:05
P0651,Another Standard,Sports,BrandA,518.64,2025-08-05,2026-05-20T02:15:29
P0652,Question Lite,Apparel,BrandD,1282.58,2025-01-19,2026-02-20T12:04:15
P0653,School Pro,Sports,BrandD,249.56,2025-06-28,2026-06-18T09:47:37
P0654,Total Standard,Electronics,BrandB,450.5,2024-12-29,2025-12-03T12:09:41
P0655,They Lite,Beauty,BrandC,1159.84,2025-07-12,2025-12-17T22:51:07
P0656,Change Standard,Beauty,BrandD,220.61,2025-04-10,2025-12-26T11:13:22
P0657,Wonder Lite,Electronics,BrandD,161.6,2025-06-26,2025-11-09T22:11:18
P0658,Throughout Standard,Apparel,BrandA,1242.1,2024-11-18,2026-05-29T04:54:15
P0659,Color Standard,Electronics,BrandC,582.57,2024-10-14,2026-03-01T14:09:27
P0660,Thought Lite,Beauty,BrandE,1492.41,2025-08-07,2026-07-02T06:35:51
P0661,Computer Max,Beauty,BrandA,332.6,2025-05-13,2025-10-29T08:23:11
P0662,Use Standard,Home & Kitchen,BrandC,1468.26,2025-05-28,2025-09-24T23:15:47
P0663,Foot Pro,Apparel,BrandD,451.8,2024-10-12,2025-09-18T23:41:23
P0664,Time Pro,Home & Kitchen,BrandE,1271.55,2024-11-14,2025-12-12T09:07:51
P0665,Themselves Standard,Apparel,BrandD,84.22,2025-06-05,2026-06-28T11:34:50
P0666,Be Max,Home & Kitchen,BrandC,1158.16,2024-12-13,2026-05-30T09:46:45
P0667,Head Standard,Sports,BrandD,1472.09,2025-02-27,2026-06-19T16:31:08
P0668,Off Standard,Apparel,BrandE,779.13,2025-06-21,2025-10-13T02:44:02
P0669,Note Lite,Electronics,BrandD,630.76,2025-08-03,2026-03-19T17:00:57
P0670,Wide Lite,Apparel,BrandA,673.53,2025-06-25,2025-12-18T01:41:13
P0671,Pull Standard,Apparel,BrandB,722.57,2025-07-03,2026-05-20T19:44:52
P0672,Quickly Pro,Apparel,BrandC,320.29,2025-08-16,2026-07-17T12:54:50
P0673,Shake Standard,Beauty,BrandD,1040.53,2024-10-02,2026-01-29T17:36:31
P0674,Detail Lite,Sports,BrandB,334.65,2025-04-19,2026-09-11T23:10:25
P0675,Sign Standard,Sports,BrandD,915.0,2024-11-11,2026-08-22T22:23:41
P0676,Purpose Standard,Electronics,BrandC,780.35,2025-05-07,2025-10-10T16:26:14
P0677,Else Standard,Sports,BrandB,272.78,2024-11-24,2026-03-11T12:52:06
P0678,President Lite,Home & Kitchen,BrandB,396.97,2025-05-03,2025-12-28T02:41:22
P0679,Show Lite,Electronics,BrandE,1415.95,2025-08-24,2026-06-12T19:05:56
P0680,Law Max,Beauty,BrandB,870.79,2025-09-17,2025-11-23T12:39:19
P0681,Production Pro,Home & Kitchen,BrandE,1282.09,2025-02-23,2026-09-18T09:50:56
P0682,Stage Standard,Home & Kitchen,BrandA,478.26,2025-03-06,2025-12-09T13:01:29
P0683,Without Lite,Beauty,BrandD,96.08,2024-12-01,2026-06-16T05:35:13
P0684,Test Standard,Sports,BrandE,1323.94,2025-07-18,2025-12-21T10:48:27
P0685,Least Standard,Home & Kitchen,BrandC,389.49,2025-01-21,2026-04-28T12:39:12
P0686,Clear Standard,Electronics,BrandE,1059.65,2024-12-18,2026-06-23T10:01:23
P0687,Others Pro,Apparel,BrandE,396.91,2025-04-16,2025-11-01T03:00:47
P0688,Type Max,Beauty,BrandB,1291.87,2025-04-08,2025-11-23T01:08:10
P0689,Sell Max,Beauty,BrandB,278.59,2024-11-02,2026-06-10T16:20:22
P0690,Official Max,Apparel,BrandB,728.4,2024-09-20,2026-07-01T04:22:13
P0691,Machine Pro,Electronics,BrandD,1246.9,2025-01-11,2025-10-26T21:21:07
P0692,Area Standard,Beauty,BrandE,189.83,2025-08-28,2025-09-27T08:33:00
P0693,Scene Standard,Electronics,BrandD,254.93,2024-11-23,2025-10-09T16:28:27
P0694,Owner Lite,Apparel,BrandE,1325.73,2024-12-30,2025-11-29T23:18:58
P0695,His Lite,Electronics,BrandC,409.63,2025-07-19,2026-04-17T13:17:39
P0696,Explain Standard,Sports,BrandE,356.71,2025-07-26,2026-04-05T13:19:14
P0697,Look Lite,Apparel,BrandA,1254.96,2024-11-11,2025-09-27T04:27:38
P0698,Ground Pro,Apparel,BrandE,1286.15,2025-03-30,2026-08-30T18:25:07
P0699,Consider Max,Apparel,BrandA,1348.75,2025-01-09,2026-03-24T16:07:26
P0700,West Standard,Sports,BrandE,30.73,2024-09-26,2026-04-21T11:47:23
P0701,Carry Lite,Apparel,BrandD,410.27,2025-03-26,2026-02-15T11:28:08
P0702,Road Pro,Electronics,BrandD,824.09,2025-07-10,2026-04-15T03:22:45
P0703,Large Pro,Beauty,BrandD,1326.47,2024-11-06,2026-07-03T02:12:35
P0704,Behavior Pro,Apparel,BrandA,606.09,2025-07-08,2026-08-30T18:55:32
P0705,Food Max,Beauty,BrandA,1333.38,2024-10-09,2025-12-23T08:07:36
P0706,Simple Pro,Electronics,BrandC,879.12,2025-06-19,2026-08-09T09:42:38
P0707,These Max,Apparel,BrandD,1254.34,2025-07-03,2026-04-20T16:56:32
P0708,Push Max,Home & Kitchen,BrandC,571.34,2024-10-10,2026-07-23T12:23:11
P0709,Probably Max,Electronics,BrandD,248.27,2024-10-16,2026-06-05T06:37:20
P0710,May Lite,Beauty,BrandD,1468.54,2025-03-05,2025-11-30T20:25:42
P0711,Single Pro,Sports,BrandB,1437.28,2025-01-25,2026-08-07T08:58:53
P0712,Hold Pro,Beauty,BrandC,397.56,2025-01-27,2026-04-02T12:36:21
P0713,Thus Max,Home & Kitchen,BrandE,1095.51,2025-05-04,2025-12-28T20:24:36
P0714,Might Lite,Electronics,BrandE,336.29,2025-05-03,2026-03-01T07:46:13
P0715,Water Max,Apparel,BrandD,1054.06,2025-03-20,2026-01-08T02:55:57
P0716,Southern Standard,Apparel,BrandE,1293.16,2024-10-31,2026-01-10T22:47:10
P0717,Future Max,Sports,BrandA,1235.15,2025-03-30,2025-10-29T19:41:43
P0718,Baby Max,Home & Kitchen,BrandA,454.71,2025-07-16,2025-11-14T16:29:44
P0719,Strong Standard,Electronics,BrandB,1247.36,2025-06-25,2026-07-07T11:09:21
P0720,Least Standard,Beauty,BrandD,972.36,2024-10-07,2026-06-11T15:48:49
P0721,Nation Max,Beauty,BrandB,833.92,2025-03-28,2026-03-13T14:50:04
P0722,Stay Lite,Home & Kitchen,BrandB,886.29,2024-10-03,2025-11-18T23:03:29
P0723,Per Lite,Sports,BrandE,566.72,2025-04-11,2026-07-21T18:09:18
P0724,Raise Standard,Electronics,BrandE,1290.15,2025-05-20,2026-04-29T17:31:19
P0725,Shake Standard,Home & Kitchen,BrandA,633.86,2024-10-26,2026-04-04T11:08:38
P0726,Health Standard,Home & Kitchen,BrandD,1271.27,2024-09-20,2025-12-18T17:05:22
P0727,Describe Pro,Apparel,BrandA,823.0,2025-02-20,2025-12-26T01:30:26
P0728,Wind Pro,Sports,BrandB,896.58,2025-03-09,2026-09-12T12:59:05
P0729,Owner Max,Apparel,BrandA,1357.14,2024-09-19,2026-03-31T13:00:31
P0730,Author Lite,Apparel,BrandE,58.54,2025-08-15,2026-03-24T10:33:53
P0731,Building Lite,Sports,BrandE,1371.67,2025-02-07,2025-10-03T23:06:03
P0732,Above Max,Apparel,BrandB,529.26,2025-06-24,2025-11-18T07:58:04
P0733,Team Max,Apparel,BrandB,268.24,2025-04-10,2026-08-29T14:33:19
P0734,Around Max,Apparel,BrandC,110.18,2025-01-21,2026-03-17T19:45:46
P0735,Energy Max,Home & Kitchen,BrandC,522.64,2024-10-14,2026-06-05T10:35:57
P0736,Chance Pro,Electronics,BrandE,1328.26,2025-04-24,2026-05-22T08:26:29
P0737,Green Max,Home & Kitchen,BrandC,499.56,2024-10-08,2026-08-15T20:34:06
P0738,Available Pro,Apparel,BrandD,875.53,2025-08-09,2026-07-12T02:23:40
P0739,That Lite,Apparel,BrandE,298.53,2025-04-16,2026-05-25T06:42:24
P0740,Course Max,Apparel,BrandB,448.87,2025-04-18,2026-01-03T18:29:56
P0741,These Max,Beauty,BrandB,892.22,2025-03-23,2025-10-22T01:11:08
P0742,Space Max,Electronics,BrandE,49.71,2025-09-08,2025-11-10T22:23:02
P0743,Board Max,Electronics,BrandB,1249.16,2025-05-08,2026-03-25T18:01:42
P0744,Stuff Lite,Home & Kitchen,BrandA,250.92,2025-07-20,2026-01-10T18:16:27
P0745,Clearly Pro,Beauty,BrandC,1129.52,2025-01-16,2026-01-01T15:40:40
P0746,Risk Standard,Home & Kitchen,BrandE,905.7,2024-11-15,2026-06-29T10:48:11
P0747,All Max,Electronics,BrandA,222.54,2025-06-23,2026-02-09T11:10:21
P0748,Make Standard,Beauty,BrandB,122.13,2024-09-24,2025-11-12T09:39:20
P0749,Discussion Standard,Home & Kitchen,BrandE,563.83,2025-03-26,2026-08-16T12:27:40
P0750,Game Max,Electronics,BrandA,582.06,2025-02-25,2025-11-08T16:54:25
P0751,Art Lite,Electronics,BrandE,312.69,2024-10-19,2026-08-20T18:50:54
P0752,Allow Standard,Home & Kitchen,BrandE,1479.12,2024-12-23,2026-08-09T21:10:08
P0753,Music Pro,Sports,BrandB,279.41,2025-08-30,2026-07-08T23:31:44
P0754,Here Standard,Electronics,BrandB,158.81,2024-10-23,2026-04-03T15:10:32
P0755,Door Lite,Apparel,BrandD,200.88,2025-07-13,2026-03-31T01:35:11
P0756,Space Standard,Home & Kitchen,BrandD,484.57,2025-04-02,2026-05-08T00:52:54
P0757,Attention Standard,Home & Kitchen,BrandD,163.3,2025-07-13,2026-09-06T14:16:38
P0758,Laugh Max,Electronics,BrandE,644.33,2025-08-17,2026-01-29T10:52:43
P0759,Return Standard,Apparel,BrandA,16.72,2025-02-09,2026-05-22T17:10:07
P0760,Because Max,Sports,BrandC,479.95,2025-03-04,2026-01-01T02:10:16
P0761,Stock Max,Home & Kitchen,BrandA,294.67,2025-07-16,2025-12-28T03:02:31
P0762,Suffer Pro,Electronics,BrandC,1039.71,2024-12-14,2026-06-22T13:50:54
P0763,Turn Lite,Home & Kitchen,BrandA,483.51,2024-12-31,2026-06-26T01:38:00
P0764,Listen Lite,Apparel,BrandB,159.55,2025-01-01,2026-04-27T16:00:02
P0765,Enough Pro,Home & Kitchen,BrandB,1002.62,2025-06-12,2026-08-07T04:05:13
P0766,Sure Pro,Sports,BrandD,732.82,2024-10-23,2026-06-29T22:00:21
P0767,Heavy Standard,Apparel,BrandC,704.55,2025-02-27,2026-03-21T07:38:23
P0768,Energy Max,Home & Kitchen,BrandC,1291.35,2025-09-06,2026-04-18T06:46:32
P0769,Film Max,Electronics,BrandE,822.43,2025-01-09,2025-11-27T01:17:59
P0770,Street Lite,Home & Kitchen,BrandE,1188.91,2025-03-13,2026-03-21T20:28:39
P0771,Test Max,Electronics,BrandC,1159.77,2024-12-18,2025-12-22T02:56:13
P0772,Continue Standard,Beauty,BrandA,652.82,2025-02-04,2025-12-16T22:57:04
P0773,Whose Standard,Sports,BrandB,1442.85,2024-11-11,2025-09-28T01:10:47
P0774,Current Max,Apparel,BrandE,888.46,2025-03-13,2025-11-29T09:50:58
P0775,Require Standard,Home & Kitchen,BrandA,543.37,2025-08-01,2026-07-21T01:32:35
P0776,Since Pro,Apparel,BrandC,706.23,2025-01-01,2026-04-20T14:15:54
P0777,Nation Lite,Beauty,BrandC,95.42,2025-01-12,2025-11-05T19:46:42
P0778,Explain Lite,Sports,BrandC,1105.51,2025-03-01,2026-05-15T23:03:40
P0779,Young Max,Sports,BrandB,1459.26,2024-12-28,2026-02-18T10:00:49
P0780,Position Lite,Beauty,BrandD,211.11,2024-11-11,2026-02-13T01:30:09
P0781,Rock Max,Electronics,BrandE,406.53,2024-12-24,2026-06-13T07:46:34
P0782,Care Standard,Apparel,BrandE,1170.59,2025-02-20,2026-05-20T10:47:03
P0783,Your Lite,Home & Kitchen,BrandB,1294.77,2025-07-26,2026-08-05T16:22:28
P0784,Yeah Lite,Home & Kitchen,BrandA,1180.75,2024-11-06,2026-08-07T14:15:45
P0785,Treat Standard,Apparel,BrandE,246.95,2025-04-20,2026-08-27T04:25:15
P0786,Perhaps Max,Home & Kitchen,BrandA,1134.92,2025-05-27,2026-07-18T14:48:34
P0787,Especially Max,Home & Kitchen,BrandD,260.32,2024-12-13,2026-04-02T10:19:13
P0788,Season Lite,Beauty,BrandB,833.18,2024-11-08,2025-10-11T10:56:35
P0789,Door Max,Sports,BrandC,1322.41,2025-09-02,2026-08-31T12:22:58
P0790,Civil Pro,Electronics,BrandB,1191.45,2025-06-19,2026-04-15T20:04:35
P0791,Cell Max,Home & Kitchen,BrandA,438.34,2025-09-14,2026-09-06T08:07:17
P0792,Environment Max,Sports,BrandA,1184.21,2024-12-02,2026-01-10T05:27:48
P0793,Economy Standard,Beauty,BrandB,1248.9,2025-01-27,2026-04-04T22:45:00
P0794,Billion Standard,Electronics,BrandB,620.76,2025-03-02,2026-01-23T20:16:14
P0795,Court Pro,Home & Kitchen,BrandC,1243.77,2024-11-05,2026-04-09T19:24:56
P0796,Player Pro,Sports,BrandC,651.16,2025-01-09,2026-04-29T09:03:28
P0797,Sound Max,Electronics,BrandD,1255.57,2024-11-15,2026-03-11T15:39:24
P0798,Cost Pro,Electronics,BrandB,925.64,2024-12-23,2026-05-16T03:09:41
P0799,Over Pro,Electronics,BrandE,337.21,2025-02-17,2026-03-21T21:52:59
P0800,Star Lite,Apparel,BrandE,932.59,2024-11-08,2025-12-27T11:24:25
P0801,Though Max,Apparel,BrandC,1256.17,2024-12-27,2026-08-31T19:08:00
P0802,Inside Pro,Electronics,BrandE,341.07,2024-09-22,2025-10-04T00:16:13
P0803,Fight Pro,Electronics,BrandD,1447.98,2024-10-05,2026-01-16T08:33:13
P0804,Happen Max,Beauty,BrandD,992.02,2025-09-05,2026-04-03T15:08:06
P0805,Pretty Lite,Beauty,BrandC,606.35,2025-07-18,2026-05-08T10:40:44
P0806,Pay Standard,Electronics,BrandD,1463.67,2025-02-26,2026-01-18T06:04:21
P0807,Look Max,Beauty,BrandC,335.4,2024-09-21,2026-05-11T17:26:57
P0808,Official Lite,Electronics,BrandA,862.94,2024-10-21,2026-08-12T00:23:39
P0809,Throughout Max,Beauty,BrandB,307.83,2025-03-21,2025-10-01T14:49:25
P0810,Eat Standard,Electronics,BrandD,1240.98,2025-03-07,2026-01-04T00:32:06
P0811,Possible Max,Apparel,BrandA,316.32,2024-09-21,2025-11-02T18:09:07
P0812,Score Max,Beauty,BrandA,28.52,2025-01-23,2026-08-01T04:57:19
P0813,Whatever Lite,Home & Kitchen,BrandA,1447.85,2025-09-14,2025-10-02T06:57:04
P0814,Stop Lite,Apparel,BrandB,1075.97,2025-06-03,2026-08-27T23:38:07
P0815,Role Standard,Home & Kitchen,BrandC,1350.89,2025-03-02,2026-07-29T02:23:17
P0816,Role Lite,Electronics,BrandB,695.05,2025-09-02,2025-11-11T21:05:29
P0817,Benefit Standard,Beauty,BrandD,789.8,2025-08-22,2026-07-28T15:10:17
P0818,If Standard,Beauty,BrandA,638.76,2025-07-11,2025-11-04T07:06:17
P0819,Baby Max,Home & Kitchen,BrandE,445.55,2025-03-10,2026-02-07T02:31:27
P0820,Support Pro,Home & Kitchen,BrandD,1215.19,2025-09-01,2025-10-17T18:32:32
P0821,Stop Standard,Home & Kitchen,BrandC,159.13,2025-02-11,2026-06-15T23:42:27
P0822,Door Standard,Electronics,BrandA,1255.48,2024-12-13,2026-07-16T22:34:35
P0823,Act Standard,Sports,BrandE,851.3,2025-03-21,2025-12-12T10:24:12
P0824,Figure Max,Home & Kitchen,BrandB,71.35,2025-08-29,2025-11-13T13:28:20
P0825,Carry Max,Home & Kitchen,BrandE,336.6,2025-01-30,2026-07-18T17:35:09
P0826,Worry Lite,Home & Kitchen,BrandC,125.88,2024-12-18,2026-03-06T20:41:04
P0827,Especially Standard,Apparel,BrandB,410.32,2024-11-11,2026-06-26T17:10:25
P0828,All Standard,Home & Kitchen,BrandB,756.46,2025-07-21,2026-03-15T16:58:39
P0829,Debate Standard,Sports,BrandC,678.47,2025-03-04,2026-08-10T13:16:35
P0830,Effect Pro,Apparel,BrandC,1312.48,2025-04-05,2026-01-22T02:41:39
P0831,Land Lite,Apparel,BrandD,1264.68,2025-02-28,2026-05-04T13:35:48
P0832,Me Max,Beauty,BrandE,856.05,2025-06-07,2026-04-01T10:33:56
P0833,Expect Lite,Beauty,BrandB,304.81,2025-06-28,2026-04-01T08:45:37
P0834,Describe Standard,Home & Kitchen,BrandA,982.73,2025-02-25,2025-12-23T07:21:56
P0835,Account Pro,Sports,BrandC,348.43,2025-09-10,2025-10-05T19:50:23
P0836,Age Lite,Home & Kitchen,BrandD,1115.46,2025-01-28,2026-05-06T06:01:57
P0837,Because Lite,Apparel,BrandA,592.31,2025-08-18,2026-04-05T02:14:51
P0838,Indicate Lite,Apparel,BrandC,1172.54,2025-04-03,2026-06-12T03:44:13
P0839,Air Pro,Electronics,BrandE,1173.71,2025-01-18,2026-05-15T23:02:38
P0840,Real Standard,Sports,BrandA,400.16,2025-02-25,2026-05-11T17:58:09
P0841,Include Standard,Electronics,BrandC,738.21,2025-04-25,2026-02-28T04:21:36
P0842,Change Standard,Electronics,BrandC,340.97,2025-06-23,2025-10-20T18:44:51
P0843,Believe Lite,Home & Kitchen,BrandB,690.98,2025-03-08,2026-07-18T11:46:52
P0844,Choice Standard,Beauty,BrandA,817.93,2025-06-10,2026-06-13T09:55:38
P0845,Future Standard,Home & Kitchen,BrandD,392.05,2025-08-08,2025-10-26T12:05:34
P0846,Friend Standard,Beauty,BrandB,1022.36,2025-03-20,2026-03-03T05:46:05
P0847,Fly Standard,Apparel,BrandD,834.64,2024-12-17,2026-01-21T19:07:17
P0848,Hair Pro,Home & Kitchen,BrandC,1324.58,2025-01-07,2026-08-24T17:54:36
P0849,List Pro,Sports,BrandC,1226.55,2025-02-17,2026-09-16T21:18:20
P0850,Show Pro,Electronics,BrandB,684.69,2024-12-26,2026-07-28T14:25:33
P0851,Ahead Max,Sports,BrandA,26.53,2025-05-27,2025-10-18T01:01:48
P0852,Public Lite,Home & Kitchen,BrandA,1049.28,2024-10-14,2026-03-07T10:52:31
P0853,Difference Standard,Electronics,BrandC,1464.68,2025-07-21,2025-10-06T19:55:31
P0854,Not Lite,Beauty,BrandD,59.57,2024-11-16,2026-06-03T11:05:33
P0855,Decade Pro,Apparel,BrandB,671.87,2024-12-25,2026-02-10T14:54:34
P0856,Series Standard,Sports,BrandE,376.01,2025-09-12,2025-10-14T14:47:04
P0857,Reveal Pro,Beauty,BrandD,970.47,2024-12-18,2026-08-22T20:48:07
P0858,Foreign Max,Electronics,BrandD,711.79,2025-08-05,2025-12-19T10:38:43
P0859,Building Pro,Sports,BrandB,282.72,2024-10-20,2026-02-02T07:51:48
P0860,A Max,Beauty,BrandD,1332.9,2025-06-25,2025-09-29T08:28:58
P0861,Body Standard,Sports,BrandC,1166.39,2025-04-02,2026-08-28T15:47:37
P0862,Body Pro,Sports,BrandD,767.05,2025-04-18,2026-08-23T23:12:35
P0863,Act Standard,Home & Kitchen,BrandB,758.55,2025-07-19,2026-07-18T00:15:36
P0864,Ready Lite,Sports,BrandA,586.94,2025-05-22,2026-08-14T19:04:09
P0865,Hour Max,Sports,BrandD,314.48,2025-05-18,2025-10-31T20:31:12
P0866,Argue Max,Sports,BrandE,1304.0,2025-07-16,2026-07-25T07:22:13
P0867,Mention Standard,Beauty,BrandA,1115.42,2024-09-19,2025-11-17T21:09:04
P0868,End Lite,Home & Kitchen,BrandA,1267.33,2025-08-20,2026-03-22T04:38:52
P0869,News Lite,Sports,BrandB,217.11,2025-01-17,2026-07-17T03:20:34
P0870,Trip Pro,Beauty,BrandA,400.92,2025-07-06,2025-12-29T15:32:02
P0871,Without Standard,Electronics,BrandE,1297.83,2025-01-13,2025-12-02T10:07:49
P0872,No Standard,Electronics,BrandD,592.22,2025-03-07,2026-05-29T14:06:00
P0873,Guess Max,Electronics,BrandA,609.31,2025-08-02,2025-11-21T08:59:25
P0874,Large Max,Sports,BrandA,717.1,2024-10-24,2025-10-31T10:16:57
P0875,Trip Max,Sports,BrandE,129.34,2025-07-29,2026-06-04T01:18:13
P0876,Reason Max,Beauty,BrandA,847.16,2025-05-04,2026-08-01T03:27:49
P0877,Training Standard,Home & Kitchen,BrandB,1161.2,2025-06-08,2025-10-19T06:54:09
P0878,A Max,Beauty,BrandA,691.74,2024-12-17,2026-08-31T12:20:03
P0879,One Pro,Sports,BrandD,1235.31,2025-04-09,2026-05-12T07:19:09
P0880,Again Lite,Sports,BrandC,265.71,2024-10-06,2026-05-25T01:19:22
P0881,Class Lite,Apparel,BrandA,317.31,2025-07-15,2025-10-26T20:59:51
P0882,Play Max,Electronics,BrandB,1436.89,2025-03-25,2026-08-12T15:39:16
P0883,Might Lite,Sports,BrandA,178.3,2025-01-18,2026-07-18T18:48:36
P0884,Pm Lite,Sports,BrandE,1467.81,2025-04-25,2026-04-09T15:53:48
P0885,Thought Standard,Electronics,BrandD,902.23,2024-11-29,2026-06-17T16:22:22
P0886,End Pro,Sports,BrandC,1231.09,2025-05-30,2025-10-08T12:55:14
P0887,Enjoy Standard,Apparel,BrandA,558.12,2024-10-03,2026-07-06T06:07:02
P0888,Building Max,Home & Kitchen,BrandB,846.5,2025-04-08,2026-09-10T03:50:19
P0889,Teacher Lite,Apparel,BrandA,1049.09,2024-11-14,2026-01-30T08:25:22
P0890,Country Pro,Beauty,BrandE,176.35,2025-09-17,2026-05-16T07:07:51
P0891,Huge Standard,Sports,BrandA,585.68,2024-12-27,2026-01-08T09:13:01
P0892,Keep Standard,Home & Kitchen,BrandB,1019.92,2024-12-30,2025-11-01T05:16:44
P0893,Most Lite,Sports,BrandE,1296.91,2025-02-04,2026-03-12T16:04:45
P0894,Your Pro,Electronics,BrandD,979.23,2025-03-28,2026-04-25T00:04:57
P0895,Dog Lite,Sports,BrandB,1352.87,2025-05-10,2025-11-28T08:52:21
P0896,Suggest Pro,Home & Kitchen,BrandA,307.57,2024-09-28,2026-01-11T05:14:20
P0897,Senior Standard,Electronics,BrandA,719.17,2025-08-06,2026-05-09T10:48:45
P0898,Drop Max,Beauty,BrandC,73.37,2024-11-03,2026-08-06T23:52:02
P0899,That Pro,Apparel,BrandA,774.63,2024-12-24,2026-06-16T00:31:57
P0900,Message Pro,Sports,BrandA,686.85,2024-10-10,2026-09-01T00:34:50
P0901,Under Standard,Apparel,BrandE,256.75,2025-01-13,2025-11-13T21:09:34
P0902,Check Standard,Sports,BrandB,980.41,2025-01-27,2026-03-09T00:15:09
P0903,None Lite,Home & Kitchen,BrandE,496.11,2025-08-28,2026-04-18T12:58:25
P0904,Authority Pro,Electronics,BrandD,229.48,2025-07-13,2026-02-11T11:45:35
P0905,Any Lite,Sports,BrandB,965.96,2024-11-21,2025-11-04T07:13:43
P0906,Commercial Standard,Home & Kitchen,BrandA,122.14,2025-05-29,2026-07-21T19:54:50
P0907,Blue Pro,Beauty,BrandE,1031.28,2025-06-19,2026-07-25T13:45:01
P0908,Join Standard,Electronics,BrandB,1201.72,2025-06-27,2025-11-08T17:13:39
P0909,According Standard,Beauty,BrandB,33.18,2025-08-05,2026-06-07T08:54:12
P0910,Become Pro,Sports,BrandB,1262.6,2025-02-28,2026-08-30T13:05:09
P0911,Without Max,Sports,BrandA,689.87,2025-09-13,2026-05-02T00:25:23
P0912,If Max,Beauty,BrandB,1012.05,2025-08-20,2026-05-29T15:07:21
P0913,Live Lite,Home & Kitchen,BrandC,335.33,2025-08-02,2026-08-15T03:28:19
P0914,Glass Standard,Apparel,BrandC,507.67,2024-12-12,2026-06-15T17:45:02
P0915,Everybody Standard,Electronics,BrandA,276.18,2024-12-24,2026-03-09T03:24:16
P0916,Herself Lite,Apparel,BrandC,251.84,2025-02-22,2025-10-31T01:20:29
P0917,Probably Lite,Apparel,BrandD,899.04,2025-01-24,2025-12-09T03:48:09
P0918,Seat Pro,Apparel,BrandB,693.21,2024-10-20,2026-03-31T02:06:09
P0919,Cultural Max,Electronics,BrandB,831.47,2024-12-14,2026-02-14T11:51:43
P0920,Tv Lite,Sports,BrandD,613.55,2025-06-22,2026-07-23T10:41:12
P0921,Speech Pro,Apparel,BrandE,571.32,2025-06-25,2025-10-20T21:56:57
P0922,Face Standard,Electronics,BrandB,1378.25,2025-02-25,2026-01-29T17:10:47
P0923,Score Lite,Apparel,BrandD,484.19,2024-12-15,2026-04-13T06:08:07
P0924,Painting Lite,Electronics,BrandC,538.74,2024-11-12,2026-06-09T18:39:59
P0925,Admit Standard,Home & Kitchen,BrandE,1133.31,2025-06-10,2025-12-18T20:45:17
P0926,Political Standard,Home & Kitchen,BrandC,1022.71,2025-08-18,2025-11-24T01:19:28
P0927,Often Max,Beauty,BrandC,1262.2,2025-06-08,2025-11-30T20:52:33
P0928,Inside Max,Electronics,BrandC,1312.67,2025-04-09,2026-09-13T07:51:57
P0929,Candidate Standard,Beauty,BrandB,781.48,2024-12-31,2025-10-03T14:40:08
P0930,Factor Lite,Beauty,BrandD,236.88,2025-06-24,2026-09-10T08:38:49
P0931,Month Max,Apparel,BrandB,647.55,2024-10-15,2026-05-16T14:19:05
P0932,Language Standard,Beauty,BrandD,910.44,2025-08-21,2025-12-08T16:38:20
P0933,Work Standard,Home & Kitchen,BrandE,119.8,2025-08-02,2026-04-05T21:52:36
P0934,Must Lite,Sports,BrandC,854.75,2024-12-17,2025-09-27T00:45:59
P0935,American Standard,Apparel,BrandB,1125.26,2024-11-30,2026-07-31T00:21:23
P0936,Together Lite,Apparel,BrandE,791.41,2025-04-17,2026-09-02T15:27:38
P0937,Fund Max,Apparel,BrandD,849.88,2025-05-30,2026-03-14T11:40:52
P0938,Home Max,Electronics,BrandD,631.26,2025-05-01,2026-03-28T05:35:37
P0939,Here Pro,Beauty,BrandE,879.28,2024-11-11,2026-03-09T15:11:15
P0940,Investment Max,Apparel,BrandC,571.66,2024-12-13,2026-08-27T00:21:31
P0941,Small Max,Sports,BrandE,1188.78,2025-01-06,2026-04-22T22:40:25
P0942,Investment Max,Apparel,BrandC,1129.73,2025-03-11,2026-06-04T23:39:49
P0943,Often Standard,Beauty,BrandE,777.0,2025-07-10,2025-09-27T20:03:17
P0944,Door Standard,Beauty,BrandE,289.06,2024-11-07,2026-03-23T11:37:50
P0945,If Standard,Electronics,BrandC,190.91,2025-03-26,2025-12-25T19:01:16
P0946,Few Lite,Sports,BrandB,82.8,2025-01-15,2026-03-24T06:26:34
P0947,Her Lite,Sports,BrandB,152.51,2025-06-26,2025-11-14T18:09:12
P0948,Mind Max,Sports,BrandE,1121.59,2024-10-28,2026-08-14T20:58:33
P0949,Authority Pro,Apparel,BrandB,609.65,2025-06-03,2026-06-03T05:40:25
P0950,Determine Pro,Electronics,BrandA,441.49,2024-09-21,2025-12-06T19:07:01
P0951,Memory Pro,Beauty,BrandD,228.72,2025-05-09,2025-10-23T23:34:00
P0952,Protect Pro,Home & Kitchen,BrandB,1280.83,2025-01-22,2026-07-29T17:02:38
P0953,Serve Lite,Sports,BrandA,334.41,2025-01-13,2025-12-13T02:21:34
P0954,Point Pro,Electronics,BrandB,779.71,2024-10-30,2025-11-03T05:25:56
P0955,Go Standard,Home & Kitchen,BrandB,1352.69,2025-04-04,2026-04-27T16:55:17
P0956,Somebody Standard,Apparel,BrandA,891.24,2024-10-02,2026-04-19T13:11:23
P0957,Might Standard,Home & Kitchen,BrandD,452.71,2025-01-10,2025-11-01T17:39:45
P0958,Audience Max,Home & Kitchen,BrandA,500.96,2025-03-03,2025-10-16T10:08:27
P0959,This Max,Electronics,BrandE,282.15,2025-06-05,2025-12-04T19:15:15
P0960,Fish Lite,Apparel,BrandA,859.64,2025-02-04,2026-02-15T02:55:36
P0961,Turn Standard,Beauty,BrandD,916.86,2025-06-02,2025-10-01T09:25:56
P0962,Direction Pro,Sports,BrandC,842.46,2024-10-16,2026-09-04T05:55:31
P0963,Lot Standard,Apparel,BrandE,1410.85,2024-10-25,2026-08-13T15:18:48
P0964,Draw Pro,Home & Kitchen,BrandD,805.58,2025-03-07,2026-02-22T19:03:16
P0965,Accept Pro,Electronics,BrandD,991.73,2024-11-23,2025-11-27T01:29:58
P0966,Black Max,Electronics,BrandD,927.37,2024-11-26,2026-08-27T10:07:14
P0967,Short Standard,Electronics,BrandE,651.61,2025-06-18,2026-01-03T18:38:21
P0968,Again Lite,Beauty,BrandB,1138.97,2025-01-29,2026-02-15T18:27:30
P0969,Five Lite,Electronics,BrandC,379.38,2025-05-26,2026-03-05T12:27:56
P0970,Thank Lite,Beauty,BrandC,189.57,2025-01-10,2026-06-03T04:59:27
P0971,Defense Max,Home & Kitchen,BrandB,1446.9,2024-12-07,2025-12-24T07:29:26
P0972,Professional Max,Beauty,BrandE,480.47,2025-04-02,2026-01-11T23:24:09
P0973,Will Standard,Electronics,BrandA,87.23,2025-05-05,2026-05-18T19:25:14
P0974,Home Standard,Beauty,BrandB,967.12,2025-06-02,2026-01-27T22:38:05
P0975,Defense Pro,Beauty,BrandC,102.54,2025-03-16,2026-08-02T01:18:38
P0976,Nor Standard,Electronics,BrandE,1145.07,2025-07-28,2025-12-06T15:53:39
P0977,Ball Max,Electronics,BrandB,1045.56,2024-09-29,2026-06-29T19:11:51
P0978,Tough Pro,Sports,BrandB,778.3,2025-05-28,2025-11-07T08:50:09
P0979,Since Max,Apparel,BrandD,70.07,2025-09-07,2025-10-13T15:23:22
P0980,Support Lite,Apparel,BrandC,1279.16,2025-06-22,2026-07-04T05:01:21
P0981,Fish Lite,Home & Kitchen,BrandD,437.05,2025-05-19,2026-02-03T19:47:02
P0982,Blue Pro,Home & Kitchen,BrandD,652.57,2025-07-06,2026-04-16T09:31:46
P0983,Image Standard,Sports,BrandD,1300.34,2025-02-05,2026-02-18T04:24:50
P0984,Weight Max,Home & Kitchen,BrandA,1385.28,2025-07-22,2026-05-22T23:26:21
P0985,Whom Pro,Beauty,BrandD,488.82,2024-12-09,2026-07-13T10:26:26
P0986,Himself Pro,Beauty,BrandA,1466.41,2025-06-21,2026-07-26T19:20:33
P0987,Challenge Lite,Electronics,BrandD,1045.66,2024-10-10,2026-08-01T23:06:46
P0988,Sport Max,Sports,BrandE,527.2,2025-08-22,2026-01-10T01:27:30
P0989,Result Lite,Home & Kitchen,BrandD,296.95,2025-09-07,2026-02-28T18:30:44
P0990,Sort Lite,Electronics,BrandE,1222.78,2024-11-10,2025-12-14T08:50:16
P0991,Cut Lite,Sports,BrandA,523.03,2024-09-30,2026-03-04T22:02:09
P0992,For Pro,Electronics,BrandC,1343.84,2025-07-16,2025-11-22T00:55:04
P0993,Change Standard,Home & Kitchen,BrandC,1080.29,2024-09-18,2026-03-30T17:11:38
P0994,Treat Standard,Home & Kitchen,BrandB,907.39,2025-02-09,2026-07-13T07:33:10
P0995,Tv Pro,Beauty,BrandA,973.45,2025-01-12,2026-04-03T13:45:31
P0996,Firm Standard,Electronics,BrandA,434.73,2024-12-05,2026-03-20T08:46:59
P0997,Future Max,Electronics,BrandC,485.21,2025-05-21,2026-05-23T10:44:10
P0998,List Lite,Electronics,BrandE,421.67,2025-05-18,2025-11-12T23:57:37
P0999,Reveal Pro,Apparel,BrandE,1385.45,2025-04-05,2026-04-10T17:48:43
P1000,Near Max,Apparel,BrandA,1208.37,2025-03-03,2025-11-07T12:36:34
P1001,Second Pro,Apparel,BrandE,580.1,2024-12-10,2026-01-12T14:01:21
P1002,Glass Max,Electronics,BrandB,775.47,2025-07-12,2026-06-25T15:10:23
P1003,Him Standard,Home & Kitchen,BrandA,993.51,2025-08-29,2026-06-18T22:05:11
P1004,Majority Pro,Apparel,BrandD,489.33,2025-02-08,2026-05-15T12:52:59
P1005,Wish Lite,Electronics,BrandD,430.9,2025-01-13,2025-10-26T19:18:56
P1006,News Standard,Sports,BrandB,1301.76,2025-03-21,2026-06-03T06:49:04
P1007,Police Max,Home & Kitchen,BrandD,206.91,2025-02-04,2026-03-04T10:03:19
P1008,Resource Pro,Apparel,BrandE,1478.33,2025-06-26,2026-09-03T06:34:50
P1009,Campaign Lite,Home & Kitchen,BrandA,759.67,2024-12-01,2026-05-04T10:51:12
P1010,Animal Pro,Beauty,BrandD,73.43,2025-06-19,2025-10-01T08:48:11
P1011,Agree Standard,Electronics,BrandE,260.6,2025-03-06,2026-06-17T00:08:54
P1012,Machine Pro,Sports,BrandE,148.06,2025-08-11,2026-01-07T14:49:04
P1013,More Lite,Apparel,BrandA,146.89,2024-09-20,2025-11-24T13:56:35
P1014,Only Max,Beauty,BrandD,159.39,2024-11-02,2026-05-23T14:37:40
P1015,Public Lite,Sports,BrandC,834.78,2025-07-26,2026-07-22T01:45:56
P1016,Operation Pro,Home & Kitchen,BrandB,1202.51,2025-08-16,2026-09-05T08:04:31
P1017,Do Max,Apparel,BrandA,176.04,2025-07-24,2026-02-08T11:55:04
P1018,Happen Standard,Electronics,BrandC,1491.35,2024-10-31,2025-09-24T23:11:38
P1019,Number Max,Apparel,BrandA,477.17,2025-06-24,2025-12-07T12:48:54
P1020,Chance Standard,Electronics,BrandD,721.34,2024-11-12,2026-03-26T08:35:53
P1021,Happy Lite,Home & Kitchen,BrandC,451.44,2025-08-02,2026-08-23T15:18:04
P1022,Car Pro,Sports,BrandB,1378.62,2024-11-24,2026-07-16T05:30:46
P1023,Up Max,Electronics,BrandD,1128.57,2024-11-18,2026-08-17T15:37:38
P1024,West Lite,Beauty,BrandA,1236.08,2025-06-29,2026-01-10T10:56:21
P1025,Alone Lite,Apparel,BrandE,415.73,2025-05-24,2026-05-28T09:08:00
P1026,Example Standard,Beauty,BrandD,207.08,2025-02-28,2025-12-12T11:30:59
P1027,Though Standard,Apparel,BrandB,496.81,2024-10-14,2026-01-03T22:15:45
P1028,Meet Standard,Electronics,BrandC,355.81,2025-01-18,2026-01-12T22:04:50
P1029,Whether Pro,Apparel,BrandD,119.77,2025-08-08,2026-08-17T14:49:56
P1030,Do Lite,Electronics,BrandB,567.22,2025-09-17,2026-02-21T14:35:57
P1031,Modern Standard,Electronics,BrandB,1361.21,2024-10-15,2026-06-01T01:14:02
P1032,Bank Standard,Electronics,BrandC,1392.91,2024-10-26,2026-03-28T19:09:53
P1033,Through Pro,Beauty,BrandB,71.88,2025-03-06,2025-10-11T12:48:45
P1034,Crime Standard,Apparel,BrandD,1245.56,2024-10-28,2026-07-09T20:51:10
P1035,Time Lite,Electronics,BrandB,1099.09,2025-03-18,2025-10-11T05:44:37
P1036,Institution Pro,Beauty,BrandC,1257.76,2024-10-07,2026-09-03T19:34:11
P1037,Poor Pro,Electronics,BrandB,884.1,2024-09-23,2026-04-10T22:27:06
P1038,Open Pro,Apparel,BrandA,1210.19,2025-05-16,2026-04-04T15:53:42
P1039,Maybe Max,Electronics,BrandB,553.61,2025-01-07,2025-11-20T09:04:42
P1040,Physical Pro,Sports,BrandC,515.06,2025-01-27,2026-06-23T10:27:45
P1041,Nor Max,Beauty,BrandC,856.95,2025-01-12,2025-10-25T16:57:39
P1042,Why Lite,Apparel,BrandA,865.97,2025-03-31,2026-08-19T22:48:01
P1043,Her Max,Beauty,BrandA,83.81,2024-12-30,2026-04-21T00:18:34
P1044,Smile Standard,Electronics,BrandB,1295.93,2025-09-02,2026-03-21T21:27:17
P1045,Movement Standard,Home & Kitchen,BrandD,1402.32,2024-10-18,2026-02-18T12:14:38
P1046,Force Lite,Home & Kitchen,BrandC,1472.41,2025-03-26,2025-10-25T17:22:03
P1047,Voice Max,Electronics,BrandC,435.89,2024-10-10,2026-02-15T15:26:57
P1048,Body Lite,Home & Kitchen,BrandC,345.44,2024-11-05,2026-02-05T04:37:52
P1049,Crime Pro,Electronics,BrandE,34.27,2025-01-06,2026-05-20T05:17:17
P1050,Bank Pro,Sports,BrandE,590.04,2025-03-14,2026-04-22T21:44:50
P1051,Fight Lite,Sports,BrandB,432.26,2025-01-17,2025-10-08T12:41:43
P1052,Fight Lite,Home & Kitchen,BrandD,1470.72,2024-12-17,2026-05-11T21:17:45
P1053,Every Max,Apparel,BrandE,1193.36,2025-07-05,2026-05-08T19:05:15
P1054,Back Lite,Apparel,BrandA,745.05,2024-12-28,2026-09-09T11:43:15
P1055,Couple Standard,Electronics,BrandC,1052.12,2025-09-15,2026-04-27T17:35:59
P1056,Campaign Standard,Electronics,BrandB,1454.57,2025-08-11,2026-03-03T15:02:41
P1057,Marriage Standard,Electronics,BrandD,1262.13,2025-07-29,2026-06-02T07:01:55
P1058,Education Lite,Sports,BrandD,55.42,2024-11-09,2026-01-03T17:50:46
P1059,Food Pro,Home & Kitchen,BrandD,1296.9,2025-07-27,2026-01-11T14:09:53
P1060,Cold Max,Beauty,BrandD,33.89,2025-04-12,2026-07-03T16:22:07
P1061,Ground Max,Home & Kitchen,BrandA,555.3,2025-08-23,2025-09-22T10:52:20
P1062,Politics Lite,Electronics,BrandA,567.94,2025-01-21,2026-05-17T22:28:22
P1063,Identify Max,Electronics,BrandA,667.42,2025-02-22,2025-10-20T09:26:23
P1064,Land Pro,Beauty,BrandD,1215.36,2025-08-30,2026-08-11T17:47:56
P1065,Position Lite,Beauty,BrandA,526.82,2025-05-31,2025-09-29T12:17:32
P1066,Or Standard,Sports,BrandA,566.4,2025-01-05,2026-03-04T00:16:20
P1067,Loss Max,Home & Kitchen,BrandC,121.83,2024-10-13,2025-11-22T00:14:32
P1068,Most Max,Sports,BrandC,468.31,2024-12-27,2025-12-31T07:58:31
P1069,Run Lite,Electronics,BrandD,1453.26,2025-09-05,2026-02-19T22:01:19
P1070,Short Lite,Apparel,BrandA,1023.21,2024-10-21,2025-09-24T13:40:11
P1071,Today Lite,Beauty,BrandE,91.08,2025-09-14,2026-03-05T06:57:11
P1072,Already Standard,Electronics,BrandE,1401.03,2025-01-20,2025-11-10T23:39:55
P1073,Interview Pro,Sports,BrandE,801.96,2024-11-06,2026-09-06T12:57:33
P1074,As Standard,Home & Kitchen,BrandD,875.3,2025-09-04,2026-02-20T18:51:51
P1075,Place Standard,Home & Kitchen,BrandD,1328.91,2025-04-12,2026-02-11T00:41:18
P1076,Boy Max,Apparel,BrandC,1073.09,2024-11-27,2026-06-07T11:34:44
P1077,Tonight Standard,Home & Kitchen,BrandE,695.41,2025-01-11,2026-03-07T01:18:57
P1078,Often Pro,Home & Kitchen,BrandD,83.27,2025-01-07,2026-03-08T22:15:09
P1079,Tough Max,Apparel,BrandD,1272.87,2024-12-08,2026-07-14T08:20:02
P1080,Local Pro,Sports,BrandC,374.1,2025-08-03,2025-09-30T18:07:44
P1081,Relate Pro,Electronics,BrandE,286.56,2025-02-02,2026-08-04T21:03:07
P1082,Professional Pro,Sports,BrandC,654.41,2025-04-14,2026-09-17T23:23:20
P1083,Blue Max,Apparel,BrandB,1276.96,2025-03-25,2025-12-03T13:05:34
P1084,Boy Max,Sports,BrandD,326.93,2024-12-12,2025-11-25T08:59:35
P1085,Else Max,Apparel,BrandE,1497.45,2025-08-14,2026-02-27T03:33:20
P1086,Require Standard,Home & Kitchen,BrandC,69.48,2024-09-19,2026-07-06T07:39:23
P1087,Most Max,Home & Kitchen,BrandB,1147.0,2024-11-25,2025-10-25T10:33:49
P1088,Whole Standard,Beauty,BrandD,929.79,2025-07-26,2025-11-01T21:24:15
P1089,Tax Max,Home & Kitchen,BrandB,664.55,2025-05-14,2025-09-30T21:54:55
P1090,The Max,Sports,BrandB,343.51,2024-10-15,2025-11-09T00:36:09
P1091,Such Lite,Apparel,BrandA,213.62,2024-09-22,2026-04-23T07:35:58
P1092,Modern Max,Electronics,BrandE,149.94,2025-01-15,2025-10-24T17:28:50
P1093,Institution Pro,Electronics,BrandD,929.1,2025-03-12,2026-04-09T08:33:49
P1094,Not Max,Apparel,BrandE,425.56,2025-02-13,2025-12-04T21:08:39
P1095,Senior Max,Apparel,BrandC,747.02,2025-04-13,2025-11-02T22:20:22
P1096,Control Pro,Sports,BrandE,792.65,2024-10-12,2026-05-13T14:51:17
P1097,Value Pro,Beauty,BrandC,1231.62,2025-04-04,2025-11-12T19:16:00
P1098,Analysis Pro,Home & Kitchen,BrandC,1038.16,2024-10-12,2026-05-25T20:46:08
P1099,It Max,Beauty,BrandA,1373.11,2025-04-30,2025-12-21T00:13:39
P1100,Station Standard,Home & Kitchen,BrandD,856.91,2025-09-06,2026-04-28T11:26:53
P1101,Red Pro,Apparel,BrandE,1439.5,2025-05-24,2026-03-03T00:32:34
P1102,Likely Pro,Electronics,BrandA,1077.77,2025-05-17,2025-09-22T12:23:15
P1103,Commercial Standard,Home & Kitchen,BrandB,328.03,2024-09-30,2026-08-19T04:20:31
P1104,Spring Max,Apparel,BrandD,1489.41,2024-12-12,2026-01-27T03:05:50
P1105,Tax Max,Apparel,BrandD,679.61,2025-06-04,2026-07-27T05:19:39
P1106,Somebody Standard,Apparel,BrandB,1409.46,2025-06-06,2026-08-06T02:24:19
P1107,War Standard,Sports,BrandA,1432.86,2025-02-11,2025-12-18T09:43:40
P1108,Same Standard,Home & Kitchen,BrandD,52.13,2025-05-21,2026-07-19T16:40:11
P1109,Meet Standard,Electronics,BrandB,842.18,2025-04-26,2026-06-24T14:43:29
P1110,Along Pro,Apparel,BrandD,1198.38,2025-02-02,2025-11-12T14:31:04
P1111,Performance Lite,Sports,BrandC,262.5,2025-02-15,2026-04-22T15:23:31
P1112,Season Lite,Apparel,BrandC,136.37,2025-03-11,2026-07-23T17:21:17
P1113,Week Pro,Beauty,BrandC,1094.61,2025-07-07,2026-03-31T09:06:35
P1114,Another Max,Beauty,BrandC,37.57,2024-11-03,2026-03-11T15:06:19
P1115,Put Standard,Beauty,BrandC,764.45,2025-04-29,2026-05-29T19:26:25
P1116,Daughter Standard,Beauty,BrandD,215.2,2024-11-02,2026-06-23T13:02:19
P1117,Scientist Pro,Beauty,BrandB,30.55,2025-07-04,2026-08-02T18:13:13
P1118,Will Pro,Apparel,BrandD,294.46,2024-12-24,2026-09-07T10:58:15
P1119,Leave Lite,Beauty,BrandC,1419.34,2025-06-22,2026-06-25T18:06:27
P1120,Clearly Pro,Home & Kitchen,BrandE,677.25,2024-10-09,2026-03-15T11:45:51
P1121,Budget Lite,Sports,BrandD,972.08,2025-03-23,2026-01-06T14:21:43
P1122,Size Max,Electronics,BrandE,1388.71,2025-01-21,2026-02-21T15:47:55
P1123,Either Standard,Sports,BrandE,1065.02,2025-06-22,2026-03-09T13:08:41
P1124,Network Pro,Home & Kitchen,BrandE,1371.7,2025-06-20,2026-09-06T08:18:56
P1125,Nearly Standard,Electronics,BrandE,1112.74,2024-11-30,2026-05-15T17:11:03
P1126,Indicate Lite,Home & Kitchen,BrandA,1301.5,2025-01-03,2026-02-14T19:38:05
P1127,During Max,Apparel,BrandD,1164.87,2025-02-06,2026-09-11T07:37:47
P1128,Section Standard,Home & Kitchen,BrandB,200.06,2025-01-10,2026-06-13T21:36:38
P1129,Sign Max,Sports,BrandC,1340.85,2025-05-25,2026-06-09T08:59:59
P1130,Modern Pro,Apparel,BrandA,243.85,2025-05-11,2026-06-10T00:10:42
P1131,Agent Pro,Electronics,BrandC,927.72,2025-05-12,2025-12-14T00:33:36
P1132,Dream Lite,Apparel,BrandC,34.26,2025-05-10,2025-12-10T15:59:34
P1133,Rather Pro,Apparel,BrandD,661.04,2025-08-19,2025-10-18T08:34:45
P1134,Senior Max,Apparel,BrandB,1226.76,2025-04-28,2025-09-19T19:26:06
P1135,Along Lite,Beauty,BrandC,267.21,2025-01-05,2026-06-05T14:04:09
P1136,Down Max,Home & Kitchen,BrandD,1075.55,2025-03-02,2026-04-29T18:27:28
P1137,Staff Standard,Electronics,BrandE,1163.78,2025-02-20,2026-01-26T00:30:44
P1138,Guess Max,Apparel,BrandB,680.87,2025-01-01,2025-09-25T09:06:50
P1139,Add Standard,Electronics,BrandC,989.32,2025-05-20,2026-09-04T16:32:12
P1140,Laugh Lite,Electronics,BrandD,788.01,2025-03-18,2026-09-07T14:09:42
P1141,Ago Standard,Electronics,BrandB,1049.88,2024-10-14,2026-07-18T09:28:40
P1142,Serve Lite,Sports,BrandC,607.21,2025-06-19,2026-09-06T17:43:01
P1143,Student Standard,Sports,BrandE,809.36,2025-04-28,2026-02-28T00:58:51
P1144,Person Lite,Beauty,BrandA,1132.03,2025-02-17,2026-02-13T00:07:12
P1145,Simply Lite,Sports,BrandD,1033.18,2025-07-04,2026-01-01T03:26:07
P1146,One Lite,Sports,BrandD,297.27,2025-07-05,2026-01-30T22:22:08
P1147,Create Max,Electronics,BrandE,1288.54,2025-08-13,2026-02-03T08:46:39
P1148,Last Standard,Apparel,BrandB,598.51,2025-03-26,2025-11-30T21:32:39
P1149,Each Pro,Electronics,BrandE,98.44,2025-05-18,2025-10-14T17:20:19
P1150,Box Max,Beauty,BrandA,582.44,2025-05-11,2026-03-14T23:45:59
P1151,Know Max,Electronics,BrandA,633.86,2025-07-28,2026-05-19T19:42:25
P1152,Yes Lite,Home & Kitchen,BrandD,1029.73,2025-04-26,2026-05-05T02:58:15
P1153,Space Standard,Home & Kitchen,BrandC,753.9,2025-01-09,2026-06-15T23:53:03
P1154,Growth Standard,Home & Kitchen,BrandC,1129.9,2025-06-01,2026-04-28T03:56:39
P1155,Support Lite,Beauty,BrandC,158.82,2025-04-30,2026-07-02T03:16:32
P1156,Want Max,Home & Kitchen,BrandD,652.12,2025-03-21,2026-06-12T19:58:06
P1157,Important Pro,Electronics,BrandA,585.76,2024-11-28,2026-06-18T09:58:24
P1158,Republican Standard,Home & Kitchen,BrandE,1182.48,2025-08-01,2026-02-08T18:02:06
P1159,Certain Standard,Sports,BrandB,443.84,2025-05-06,2025-11-15T17:05:56
P1160,Amount Pro,Home & Kitchen,BrandA,627.94,2025-08-18,2025-10-23T19:33:06
P1161,Treat Lite,Home & Kitchen,BrandC,168.7,2025-04-21,2025-12-18T05:06:39
P1162,It Max,Home & Kitchen,BrandC,397.42,2025-07-14,2025-11-25T11:42:34
P1163,Me Standard,Home & Kitchen,BrandA,224.14,2025-08-17,2025-11-19T07:55:53
P1164,According Max,Apparel,BrandE,615.74,2025-03-07,2025-11-30T00:34:42
P1165,Beautiful Standard,Electronics,BrandE,1165.54,2025-03-28,2026-05-07T04:06:40
P1166,Reality Lite,Beauty,BrandA,1097.98,2025-02-06,2026-03-13T22:36:27
P1167,Treat Standard,Electronics,BrandB,618.23,2025-01-13,2025-11-15T17:49:06
P1168,Generation Pro,Sports,BrandC,1216.74,2025-01-26,2026-04-29T19:58:49
P1169,Protect Lite,Apparel,BrandB,773.91,2024-09-23,2026-09-14T07:46:41
P1170,Character Standard,Electronics,BrandB,77.38,2025-07-16,2026-01-02T18:15:36
P1171,Never Lite,Electronics,BrandE,921.08,2024-12-07,2025-09-20T05:13:21
P1172,Consider Max,Electronics,BrandE,1167.52,2024-12-10,2026-08-29T00:29:46
P1173,Drive Lite,Electronics,BrandB,410.98,2024-12-11,2026-01-20T11:36:56
P1174,Economic Pro,Sports,BrandD,960.58,2025-02-15,2026-07-11T23:47:17
P1175,Newspaper Standard,Sports,BrandD,1303.33,2025-07-15,2026-09-01T15:53:53
P1176,Certainly Standard,Apparel,BrandC,511.59,2025-07-21,2026-04-10T00:41:22
P1177,Right Max,Sports,BrandC,173.18,2025-01-17,2026-05-22T23:50:56
P1178,Economy Lite,Beauty,BrandE,412.75,2024-12-31,2026-07-28T00:55:07
P1179,Service Pro,Home & Kitchen,BrandC,1372.42,2024-11-06,2026-01-05T10:38:51
P1180,Watch Standard,Apparel,BrandC,1132.73,2025-07-04,2026-05-30T13:05:28
P1181,Fear Standard,Beauty,BrandC,1481.91,2025-01-21,2026-02-09T01:36:47
P1182,Building Pro,Sports,BrandC,752.42,2024-11-28,2026-08-21T02:57:05
P1183,Majority Max,Sports,BrandC,1018.48,2025-06-06,2026-01-03T00:39:12
P1184,Near Lite,Sports,BrandE,77.28,2025-05-22,2026-02-19T00:49:53
P1185,Bill Standard,Electronics,BrandB,1078.67,2025-07-01,2026-07-26T10:43:18
P1186,Practice Lite,Home & Kitchen,BrandB,979.5,2024-10-30,2026-03-03T13:40:00
P1187,Unit Pro,Apparel,BrandA,537.12,2025-08-01,2026-06-02T21:15:18
P1188,Away Max,Home & Kitchen,BrandE,427.75,2025-08-04,2025-12-18T01:12:02
P1189,Space Pro,Beauty,BrandB,1268.13,2025-06-15,2026-03-05T13:19:22
P1190,Instead Max,Electronics,BrandB,153.59,2024-12-28,2025-10-19T23:09:12
P1191,Ask Standard,Beauty,BrandD,435.7,2024-12-09,2026-02-22T23:04:45
P1192,Recently Standard,Beauty,BrandC,918.4,2025-06-04,2025-09-19T17:21:32
P1193,Analysis Pro,Home & Kitchen,BrandA,775.09,2024-12-22,2026-07-16T05:10:51
P1194,Can Standard,Home & Kitchen,BrandE,1085.24,2025-07-31,2026-02-08T08:31:13
P1195,Even Max,Electronics,BrandE,787.75,2025-04-06,2026-06-30T19:09:36
P1196,Project Max,Sports,BrandC,1182.19,2025-01-09,2025-11-03T18:12:55
P1197,Few Standard,Sports,BrandC,167.97,2025-01-19,2026-01-17T23:54:11
P1198,Open Standard,Apparel,BrandB,973.59,2024-10-14,2026-04-17T08:56:04
P1199,Of Max,Apparel,BrandD,56.38,2025-06-16,2026-01-14T17:15:42
P1200,Soldier Lite,Sports,BrandD,1077.48,2025-03-08,2026-08-13T07:47:10
P1201,Expect Lite,Apparel,BrandD,635.79,2025-09-17,2026-02-01T01:32:38
P1202,Both Standard,Home & Kitchen,BrandE,322.58,2025-03-09,2026-02-19T14:18:41
P1203,Sort Standard,Apparel,BrandA,582.08,2025-05-14,2026-09-03T03:22:59
P1204,Sometimes Max,Sports,BrandB,989.23,2025-04-15,2026-08-18T05:43:58
P1205,Evidence Pro,Home & Kitchen,BrandA,1472.77,2025-03-31,2026-01-31T19:03:17
P1206,Mission Pro,Beauty,BrandE,755.97,2024-10-08,2026-04-19T01:06:29
P1207,Within Lite,Apparel,BrandD,1236.76,2025-03-22,2026-08-17T09:37:14
P1208,Alone Lite,Sports,BrandC,627.34,2025-03-28,2026-01-26T09:52:47
P1209,Meet Pro,Beauty,BrandB,360.99,2025-08-17,2026-05-08T11:53:01
P1210,With Standard,Apparel,BrandB,984.11,2025-07-20,2025-11-13T06:26:38
P1211,Modern Pro,Beauty,BrandE,758.85,2025-07-28,2025-10-10T06:36:16
P1212,Deep Pro,Apparel,BrandB,349.72,2024-09-20,2026-04-18T23:04:00
P1213,Executive Pro,Electronics,BrandD,481.37,2025-01-11,2026-05-07T01:43:34
P1214,Admit Lite,Sports,BrandD,92.89,2025-04-27,2026-09-16T18:07:02
P1215,Market Lite,Beauty,BrandD,875.58,2025-02-11,2026-09-18T05:33:36
P1216,Act Lite,Electronics,BrandD,636.87,2025-04-17,2026-05-22T22:34:50
P1217,Great Lite,Home & Kitchen,BrandB,894.09,2024-10-08,2026-04-28T03:49:49
P1218,Couple Pro,Sports,BrandE,940.23,2025-06-14,2026-09-03T06:39:33
P1219,Improve Pro,Beauty,BrandB,699.53,2025-06-26,2025-12-18T02:33:15
P1220,Single Pro,Home & Kitchen,BrandE,106.55,2025-03-06,2026-02-20T17:23:44
P1221,Truth Standard,Sports,BrandA,841.16,2025-06-09,2026-06-15T05:03:41
P1222,Difference Lite,Home & Kitchen,BrandE,1481.47,2025-09-03,2026-08-04T17:08:53
P1223,Situation Standard,Apparel,BrandD,1241.89,2024-12-03,2026-01-10T19:01:58
P1224,Itself Max,Sports,BrandC,830.24,2025-04-02,2026-04-01T20:21:48
P1225,Since Standard,Beauty,BrandB,792.43,2025-06-01,2026-09-07T22:40:54
P1226,Develop Max,Electronics,BrandD,603.9,2025-06-24,2026-04-28T08:06:23
P1227,Doctor Max,Apparel,BrandE,604.73,2025-08-28,2026-02-08T16:32:23
P1228,Foot Pro,Apparel,BrandA,1404.12,2025-09-02,2026-07-04T18:57:37
P1229,Here Pro,Home & Kitchen,BrandA,825.3,2024-11-13,2025-12-03T16:12:12
P1230,Health Pro,Apparel,BrandE,974.09,2025-08-06,2026-02-17T20:31:31
P1231,Free Standard,Electronics,BrandE,1152.85,2025-01-01,2026-03-31T19:20:15
P1232,He Pro,Beauty,BrandA,1373.96,2025-07-14,2026-06-03T03:20:44
P1233,Partner Standard,Sports,BrandA,1310.88,2025-06-24,2026-09-04T17:23:17
P1234,Security Pro,Beauty,BrandE,206.61,2025-06-18,2026-03-14T15:36:13
P1235,Safe Standard,Apparel,BrandE,836.71,2025-04-11,2026-01-04T16:33:56
P1236,Next Standard,Sports,BrandE,1341.26,2025-08-07,2026-04-05T23:11:38
P1237,Fear Max,Home & Kitchen,BrandE,997.5,2024-12-19,2026-06-02T17:43:27
P1238,How Standard,Home & Kitchen,BrandE,1354.16,2025-05-11,2026-03-21T14:55:57
P1239,Daughter Pro,Apparel,BrandC,75.92,2025-09-13,2026-04-07T11:59:21
P1240,Yeah Standard,Home & Kitchen,BrandD,771.44,2024-11-13,2026-06-09T10:44:34
P1241,Son Standard,Sports,BrandB,1494.85,2025-02-24,2026-04-15T11:49:40
P1242,Mission Max,Home & Kitchen,BrandC,1038.87,2025-03-23,2026-02-16T11:19:02
P1243,Nothing Pro,Beauty,BrandD,361.83,2025-05-04,2025-11-14T13:32:24
P1244,Garden Pro,Apparel,BrandB,159.22,2024-12-30,2025-11-16T09:48:18
P1245,Outside Lite,Home & Kitchen,BrandA,1025.2,2024-11-06,2026-02-04T15:35:35
P1246,Magazine Lite,Beauty,BrandA,542.64,2025-07-12,2026-09-02T16:35:05
P1247,Low Pro,Sports,BrandD,930.62,2024-12-12,2026-01-08T10:41:52
P1248,Better Max,Sports,BrandC,1069.25,2024-09-21,2026-05-09T05:02:59
P1249,Expert Lite,Home & Kitchen,BrandA,473.66,2025-02-20,2026-02-10T00:30:22
P1250,Face Max,Electronics,BrandA,473.93,2025-08-24,2025-11-11T11:20:28
P1251,Floor Lite,Beauty,BrandA,980.59,2025-03-11,2025-12-15T17:36:03
P1252,Product Pro,Apparel,BrandB,1466.89,2024-10-08,2026-01-14T02:38:45
P1253,Break Lite,Electronics,BrandB,606.89,2025-05-29,2026-09-07T04:41:39
P1254,Material Standard,Electronics,BrandC,945.4,2025-01-03,2026-04-28T09:41:46
P1255,May Standard,Sports,BrandE,121.23,2025-03-28,2026-08-27T05:30:58
P1256,Doctor Pro,Sports,BrandD,1318.73,2025-07-03,2026-01-30T23:47:23
P1257,It Standard,Sports,BrandD,811.21,2025-02-11,2026-04-22T18:07:04
P1258,Benefit Max,Apparel,BrandC,1208.4,2025-03-20,2026-04-18T23:23:11
P1259,About Lite,Home & Kitchen,BrandD,773.44,2024-12-09,2026-05-03T21:24:22
P1260,Stuff Lite,Beauty,BrandD,866.01,2025-05-10,2026-06-09T01:55:44
P1261,There Lite,Electronics,BrandB,1230.91,2025-07-09,2026-04-27T13:44:42
P1262,Military Standard,Beauty,BrandC,1223.46,2025-04-09,2026-03-25T04:35:34
P1263,Task Pro,Beauty,BrandB,1407.07,2025-02-09,2026-01-26T13:42:26
P1264,Human Lite,Beauty,BrandB,1139.99,2025-08-12,2025-12-01T00:48:24
P1265,Serve Max,Electronics,BrandC,877.62,2025-08-23,2026-04-23T04:55:26
P1266,Sell Standard,Home & Kitchen,BrandD,1062.56,2024-09-19,2026-01-14T23:17:34
P1267,Beyond Max,Sports,BrandB,997.19,2025-02-19,2026-01-03T19:54:55
P1268,Single Max,Electronics,BrandE,596.32,2024-10-13,2025-09-27T07:34:14
P1269,Whom Max,Electronics,BrandB,851.75,2025-05-22,2025-10-29T08:23:32
P1270,Put Pro,Home & Kitchen,BrandE,558.75,2025-01-05,2026-04-14T15:57:31
P1271,Fire Lite,Apparel,BrandB,347.69,2025-07-10,2026-01-07T03:27:05
P1272,Establish Lite,Electronics,BrandD,1283.26,2025-06-17,2026-09-11T00:04:51
P1273,Out Lite,Electronics,BrandE,526.97,2025-05-01,2025-12-23T02:38:34
P1274,Box Lite,Sports,BrandB,878.79,2025-04-12,2026-05-02T12:01:50
P1275,Wonder Standard,Electronics,BrandD,1366.47,2025-06-10,2026-02-24T18:14:12
P1276,Unit Lite,Home & Kitchen,BrandD,1271.37,2025-04-16,2025-12-24T07:07:39
P1277,Artist Lite,Beauty,BrandB,1093.46,2025-06-27,2025-11-15T12:36:34
P1278,Billion Lite,Sports,BrandC,821.71,2025-05-16,2026-09-11T15:51:44
P1279,Budget Pro,Beauty,BrandC,1113.68,2025-09-10,2026-06-17T16:49:47
P1280,Explain Pro,Beauty,BrandA,668.51,2025-02-28,2026-06-14T20:40:21
P1281,Great Lite,Electronics,BrandB,1347.36,2025-02-28,2026-09-07T05:09:42
P1282,Soldier Pro,Sports,BrandA,612.69,2025-07-26,2026-02-12T23:55:12
P1283,School Pro,Home & Kitchen,BrandA,349.61,2025-03-12,2026-01-15T12:11:31
P1284,Loss Lite,Home & Kitchen,BrandD,586.04,2024-11-02,2026-07-08T19:23:23
P1285,Line Pro,Sports,BrandC,1227.77,2025-05-05,2026-02-22T18:19:11
P1286,Special Max,Beauty,BrandD,438.82,2024-09-30,2026-03-16T00:09:33
P1287,Air Max,Sports,BrandB,808.66,2025-01-28,2026-08-07T01:09:57
P1288,Still Lite,Apparel,BrandB,1158.27,2024-10-03,2025-10-13T22:19:18
P1289,Water Pro,Apparel,BrandD,1443.0,2025-04-23,2026-04-13T11:06:26
P1290,Art Lite,Electronics,BrandE,1091.75,2024-11-15,2025-12-09T02:27:53
P1291,Case Standard,Apparel,BrandA,841.17,2025-01-27,2026-05-02T20:27:46
P1292,Likely Max,Beauty,BrandD,684.11,2024-12-08,2026-03-01T02:22:26
P1293,Lead Pro,Sports,BrandD,1485.02,2025-04-09,2026-03-22T21:56:15
P1294,Republican Standard,Beauty,BrandA,12.23,2025-07-21,2026-01-30T20:57:13
P1295,Growth Lite,Beauty,BrandB,424.05,2025-07-03,2026-02-04T17:31:22
P1296,If Pro,Apparel,BrandB,209.12,2025-03-20,2026-09-18T21:32:15
P1297,Buy Max,Home & Kitchen,BrandE,886.69,2024-10-02,2026-07-02T14:26:17
P1298,Rich Pro,Electronics,BrandB,1090.55,2025-05-09,2026-09-17T18:31:16
P1299,Coach Standard,Sports,BrandB,1337.74,2025-03-10,2025-12-15T12:48:12
P1300,Challenge Standard,Home & Kitchen,BrandE,1113.15,2024-12-28,2026-04-03T02:11:05
P1301,Professor Pro,Beauty,BrandD,925.26,2025-08-07,2025-10-12T21:40:06
P1302,Film Lite,Apparel,BrandC,421.36,2024-11-22,2026-08-18T19:36:46
P1303,Set Standard,Electronics,BrandC,447.71,2024-12-27,2025-11-03T17:31:57
P1304,Thing Max,Apparel,BrandB,1167.53,2025-02-14,2025-12-03T02:32:49
P1305,Quickly Lite,Electronics,BrandD,463.03,2025-05-28,2026-06-13T11:44:16
P1306,Real Standard,Home & Kitchen,BrandD,1323.71,2025-01-05,2026-05-24T21:14:29
P1307,Doctor Max,Beauty,BrandA,173.97,2025-01-04,2026-02-09T03:34:54
P1308,Listen Standard,Apparel,BrandD,1129.9,2025-07-24,2026-06-04T22:17:25
P1309,Society Standard,Apparel,BrandA,855.74,2025-07-30,2026-03-08T20:50:13
P1310,Specific Lite,Beauty,BrandE,954.22,2025-01-02,2026-08-31T16:55:23
P1311,Institution Lite,Sports,BrandB,962.64,2024-12-14,2026-04-02T18:17:29
P1312,Recognize Standard,Beauty,BrandD,1277.7,2025-09-07,2026-08-26T14:04:46
P1313,Billion Lite,Electronics,BrandC,915.71,2025-04-20,2026-05-27T01:19:23
P1314,Shoulder Pro,Apparel,BrandE,491.83,2024-10-28,2025-12-11T05:01:16
P1315,Put Max,Home & Kitchen,BrandC,104.68,2024-09-29,2025-11-16T11:43:02
P1316,Future Max,Home & Kitchen,BrandC,1388.79,2025-07-31,2026-07-10T13:51:57
P1317,Full Lite,Sports,BrandD,726.86,2024-12-25,2026-09-15T09:05:20
P1318,Line Max,Sports,BrandE,350.75,2024-12-30,2026-05-19T23:23:52
P1319,Hundred Pro,Home & Kitchen,BrandD,1134.99,2025-01-24,2026-09-18T18:30:16
P1320,American Max,Electronics,BrandC,1388.48,2024-12-09,2026-06-04T11:43:36
P1321,Would Lite,Beauty,BrandA,566.95,2024-11-18,2026-06-02T09:06:26
P1322,Five Standard,Home & Kitchen,BrandE,1245.89,2025-04-13,2025-10-31T17:51:43
P1323,Nor Max,Home & Kitchen,BrandA,180.54,2025-08-27,2026-08-23T01:09:04
P1324,Consumer Standard,Sports,BrandE,705.17,2024-09-25,2026-06-11T19:11:17
P1325,View Lite,Apparel,BrandA,209.68,2024-12-07,2026-04-26T15:12:54
P1326,Treat Pro,Home & Kitchen,BrandA,878.91,2025-03-14,2025-12-24T23:42:31
P1327,Town Lite,Apparel,BrandD,748.37,2025-01-17,2026-08-20T17:10:03
P1328,Everything Standard,Beauty,BrandA,775.61,2024-09-25,2025-10-02T02:37:22
P1329,Risk Pro,Sports,BrandC,758.05,2025-09-17,2026-08-28T15:58:26
P1330,Whatever Pro,Electronics,BrandE,725.83,2025-01-17,2025-12-27T16:05:42
P1331,Voice Max,Electronics,BrandC,317.13,2024-11-30,2026-02-01T20:05:41
P1332,Want Pro,Home & Kitchen,BrandA,1408.09,2025-08-17,2025-11-20T15:22:30
P1333,Message Lite,Apparel,BrandD,727.26,2025-06-13,2026-09-15T06:24:10
P1334,Positive Standard,Apparel,BrandA,1418.48,2025-08-27,2025-11-14T12:07:06
P1335,Phone Pro,Beauty,BrandE,125.65,2025-08-02,2026-07-03T20:05:23
P1336,Our Standard,Electronics,BrandA,926.56,2025-02-20,2026-02-06T11:47:05
P1337,American Standard,Sports,BrandC,640.63,2024-12-15,2025-11-26T11:46:35
P1338,Fact Max,Home & Kitchen,BrandD,1260.03,2025-01-07,2026-06-30T16:45:49
P1339,Military Standard,Sports,BrandA,222.75,2025-02-02,2026-09-10T12:19:51
P1340,Worker Standard,Sports,BrandB,374.14,2025-06-13,2025-11-03T11:18:56
P1341,Lead Pro,Home & Kitchen,BrandC,277.02,2024-12-21,2026-08-16T14:59:14
P1342,Again Max,Electronics,BrandD,59.53,2025-05-03,2026-06-14T11:04:38
P1343,Affect Max,Apparel,BrandA,285.68,2025-07-13,2026-04-17T03:10:44
P1344,Describe Standard,Home & Kitchen,BrandC,1365.83,2025-04-16,2026-03-22T21:01:41
P1345,Move Pro,Home & Kitchen,BrandB,260.62,2025-01-17,2025-12-04T11:31:11
P1346,Class Pro,Electronics,BrandC,1184.51,2024-11-09,2025-12-02T00:56:17
P1347,Go Pro,Beauty,BrandD,725.8,2025-05-12,2026-01-02T01:23:38
P1348,Upon Pro,Home & Kitchen,BrandA,391.58,2024-11-08,2025-11-14T23:44:58
P1349,Box Max,Electronics,BrandA,1474.82,2024-09-21,2026-09-17T18:38:26
P1350,Movie Standard,Beauty,BrandB,316.65,2025-07-27,2025-10-01T18:00:47
P1351,So Max,Apparel,BrandB,1280.79,2025-04-13,2025-11-13T22:40:29
P1352,Race Lite,Electronics,BrandA,1486.91,2025-09-17,2026-08-21T07:25:53
P1353,Vote Max,Sports,BrandB,284.44,2025-04-25,2025-12-15T06:53:16
P1354,Store Max,Electronics,BrandC,572.89,2025-04-11,2026-03-08T12:30:17
P1355,Sing Pro,Electronics,BrandE,1138.69,2024-10-10,2025-11-27T07:30:40
P1356,Feeling Pro,Electronics,BrandB,391.48,2024-10-25,2026-08-08T20:27:41
P1357,Others Lite,Apparel,BrandB,868.06,2025-03-04,2025-11-16T17:11:03
P1358,Race Max,Apparel,BrandB,551.79,2024-10-21,2025-12-04T23:39:27
P1359,System Standard,Electronics,BrandB,245.9,2024-09-24,2026-08-10T04:06:38
P1360,Time Lite,Home & Kitchen,BrandD,1022.12,2025-02-13,2026-05-25T17:19:04
P1361,Direction Lite,Apparel,BrandB,463.38,2024-10-18,2026-08-05T06:30:40
P1362,First Standard,Home & Kitchen,BrandC,918.02,2024-11-27,2026-08-03T00:09:45
P1363,Another Standard,Electronics,BrandB,402.93,2025-02-06,2026-01-08T14:39:21
P1364,Building Standard,Beauty,BrandB,408.76,2024-10-02,2026-02-09T14:53:10
P1365,Truth Pro,Sports,BrandC,378.8,2025-07-27,2026-09-02T17:28:53
P1366,Poor Standard,Beauty,BrandB,422.32,2024-11-12,2026-04-08T22:50:56
P1367,Family Lite,Apparel,BrandE,713.13,2025-04-12,2026-03-14T07:20:44
P1368,Positive Max,Home & Kitchen,BrandD,1253.91,2024-09-18,2026-08-24T17:17:48
P1369,Already Pro,Home & Kitchen,BrandB,1495.95,2025-08-08,2026-02-26T06:50:28
P1370,Offer Standard,Home & Kitchen,BrandC,848.45,2024-11-13,2026-08-17T05:38:18
P1371,Cause Pro,Home & Kitchen,BrandD,1148.41,2025-05-18,2026-07-22T05:03:04
P1372,As Standard,Apparel,BrandC,1183.43,2025-01-10,2026-02-12T17:57:02
P1373,Who Pro,Sports,BrandD,630.57,2025-05-17,2026-04-29T14:09:46
P1374,Suffer Pro,Home & Kitchen,BrandD,1176.31,2025-01-26,2025-12-05T19:25:24
P1375,Population Lite,Apparel,BrandB,612.44,2025-04-25,2026-03-04T13:55:24
P1376,Pm Lite,Apparel,BrandC,1318.45,2025-04-16,2025-09-22T07:16:39
P1377,Popular Lite,Beauty,BrandD,1082.32,2024-09-23,2026-04-01T09:44:42
P1378,Society Max,Home & Kitchen,BrandB,846.18,2024-12-27,2026-09-13T11:54:27
P1379,Religious Standard,Apparel,BrandE,831.65,2025-02-07,2026-02-19T05:11:05
P1380,Character Lite,Apparel,BrandB,441.56,2025-07-05,2025-10-16T04:06:13
P1381,Become Standard,Beauty,BrandE,234.59,2025-07-23,2025-12-18T19:12:22
P1382,Foot Pro,Home & Kitchen,BrandD,131.88,2025-08-01,2026-03-01T13:47:44
P1383,Build Standard,Beauty,BrandB,1119.97,2024-11-21,2025-10-23T18:47:59
P1384,Series Max,Home & Kitchen,BrandC,326.63,2025-02-05,2025-12-31T00:01:49
P1385,Cultural Lite,Beauty,BrandE,499.5,2024-09-23,2026-06-08T18:31:58
P1386,Pretty Standard,Apparel,BrandE,48.94,2025-04-09,2026-07-01T21:43:24
P1387,Figure Pro,Beauty,BrandE,229.2,2025-01-09,2026-01-14T11:38:17
P1388,Address Standard,Sports,BrandB,927.71,2024-12-31,2026-07-12T14:20:01
P1389,Sea Pro,Beauty,BrandA,538.18,2024-10-16,2025-12-05T02:18:39
P1390,Bit Max,Sports,BrandA,161.24,2025-02-06,2026-02-12T06:18:36
P1391,Another Max,Beauty,BrandA,53.55,2025-05-17,2025-10-29T19:29:48
P1392,To Pro,Beauty,BrandB,716.24,2025-06-22,2026-06-09T21:48:32
P1393,Different Standard,Electronics,BrandD,1039.79,2025-07-17,2025-10-19T13:01:39
P1394,News Pro,Electronics,BrandC,809.1,2024-11-24,2026-01-21T04:54:24
P1395,Sign Standard,Beauty,BrandE,1356.72,2025-09-08,2026-01-24T20:55:06
P1396,Behind Pro,Sports,BrandB,586.03,2024-10-20,2026-08-21T03:09:56
P1397,American Lite,Sports,BrandB,185.56,2024-12-01,2026-01-09T01:42:22
P1398,Poor Pro,Home & Kitchen,BrandD,1177.79,2025-05-15,2026-04-06T14:47:55
P1399,Technology Lite,Beauty,BrandD,284.08,2025-02-08,2026-07-29T12:20:30
P1400,Trade Lite,Apparel,BrandE,1487.33,2024-11-02,2026-05-04T03:32:39
P1401,Bill Max,Beauty,BrandC,523.26,2025-06-20,2025-11-12T15:45:37
P1402,Bad Standard,Apparel,BrandB,900.79,2025-06-06,2026-04-04T04:36:58
P1403,Control Standard,Apparel,BrandE,1292.26,2024-10-14,2026-02-11T18:41:25
P1404,Admit Lite,Electronics,BrandB,599.16,2025-04-03,2026-03-27T19:49:45
P1405,Player Lite,Sports,BrandA,1490.28,2025-09-03,2026-05-02T07:30:30
P1406,Person Pro,Apparel,BrandD,1056.75,2025-07-08,2026-07-28T23:30:24
P1407,Seat Standard,Home & Kitchen,BrandE,695.65,2025-05-08,2026-02-17T21:36:20
P1408,Standard Standard,Beauty,BrandA,623.42,2025-04-03,2025-09-20T02:58:06
P1409,Do Max,Apparel,BrandC,338.8,2025-09-08,2026-06-25T15:22:32
P1410,Collection Pro,Electronics,BrandA,1434.34,2025-01-14,2026-02-02T03:54:15
P1411,Community Pro,Apparel,BrandC,1180.05,2025-02-16,2026-05-15T18:20:46
P1412,Necessary Pro,Electronics,BrandD,1166.35,2025-04-09,2026-05-10T20:24:48
P1413,Choice Max,Sports,BrandE,415.44,2025-06-29,2025-10-15T23:07:01
P1414,Teach Pro,Electronics,BrandB,347.37,2025-09-10,2026-09-12T12:42:44
P1415,Hit Lite,Home & Kitchen,BrandB,719.59,2025-05-11,2026-01-12T17:49:36
P1416,Professional Standard,Beauty,BrandB,1435.93,2024-11-28,2025-12-18T14:50:40
P1417,Level Lite,Sports,BrandA,429.36,2025-03-16,2025-12-06T10:16:49
P1418,Community Lite,Electronics,BrandA,1432.97,2025-08-15,2026-05-08T12:25:40
P1419,Least Standard,Beauty,BrandE,332.6,2024-12-31,2026-09-05T06:56:09
P1420,Benefit Pro,Home & Kitchen,BrandE,145.8,2025-08-11,2025-12-17T03:20:15
P1421,Himself Standard,Electronics,BrandC,871.73,2025-02-11,2026-02-11T03:36:34
P1422,Data Pro,Electronics,BrandA,1274.15,2024-10-08,2026-01-05T16:09:04
P1423,Discover Max,Electronics,BrandB,799.16,2025-01-17,2026-06-03T05:35:16
P1424,Soldier Standard,Beauty,BrandA,612.26,2025-05-30,2026-09-08T15:56:32
P1425,Sit Pro,Electronics,BrandE,907.31,2024-11-10,2026-03-16T19:32:52
P1426,Draw Max,Home & Kitchen,BrandB,191.77,2024-10-30,2026-02-07T07:13:16
P1427,Sound Max,Home & Kitchen,BrandE,1344.02,2025-04-16,2026-04-20T12:34:44
P1428,Serious Lite,Home & Kitchen,BrandE,399.09,2025-02-24,2026-06-18T15:33:36
P1429,Protect Max,Electronics,BrandB,485.68,2025-07-23,2026-05-26T15:22:45
P1430,Before Pro,Beauty,BrandA,1046.08,2025-04-29,2025-10-11T11:56:21
P1431,Feel Pro,Beauty,BrandE,158.54,2025-01-21,2025-11-06T21:20:47
P1432,Either Standard,Electronics,BrandA,492.65,2025-05-30,2026-02-23T15:16:34
P1433,Young Standard,Electronics,BrandA,1188.17,2025-08-07,2026-02-09T10:39:21
P1434,Include Pro,Apparel,BrandB,1176.21,2025-03-23,2026-03-15T09:38:28
P1435,Nation Pro,Sports,BrandC,1390.07,2024-10-23,2026-05-13T09:04:51
P1436,Third Pro,Apparel,BrandC,1360.26,2024-12-28,2026-03-24T05:23:23
P1437,Your Pro,Apparel,BrandE,837.91,2025-01-08,2026-01-03T02:49:25
P1438,Media Pro,Home & Kitchen,BrandA,187.65,2024-12-01,2025-12-13T19:52:44
P1439,Join Standard,Home & Kitchen,BrandC,213.71,2025-02-16,2025-12-14T21:03:45
P1440,Guess Standard,Electronics,BrandE,327.56,2025-05-19,2026-03-19T00:17:26
P1441,Stay Standard,Beauty,BrandE,559.07,2024-11-05,2025-09-22T13:02:35
P1442,Perform Standard,Home & Kitchen,BrandD,289.41,2025-05-29,2026-05-17T20:35:38
P1443,First Pro,Apparel,BrandE,1185.04,2025-01-02,2026-07-16T21:42:02
P1444,Our Pro,Electronics,BrandD,459.48,2024-12-28,2025-09-20T15:00:30
P1445,Participant Pro,Beauty,BrandA,1175.86,2025-05-25,2026-01-06T15:19:33
P1446,Practice Lite,Apparel,BrandB,965.71,2025-05-25,2025-11-10T08:47:06
P1447,Remember Pro,Home & Kitchen,BrandC,1316.7,2025-09-10,2026-08-30T08:27:51
P1448,Cell Pro,Apparel,BrandA,1380.92,2025-02-14,2026-05-26T01:41:21
P1449,Seven Max,Home & Kitchen,BrandA,622.34,2024-10-18,2026-02-18T20:28:32
P1450,Reach Standard,Apparel,BrandD,108.98,2024-10-28,2026-07-21T13:44:49
P1451,This Lite,Home & Kitchen,BrandC,259.16,2025-08-08,2026-07-22T04:24:37
P1452,Before Lite,Apparel,BrandD,1111.99,2024-10-12,2025-12-15T14:14:33
P1453,Live Pro,Electronics,BrandB,953.16,2025-02-17,2026-05-11T23:25:07
P1454,She Lite,Beauty,BrandA,1402.01,2024-11-26,2025-12-24T01:42:28
P1455,Phone Standard,Sports,BrandE,899.84,2025-09-17,2026-08-05T09:47:04
P1456,Agent Lite,Sports,BrandE,1373.2,2024-11-30,2026-06-24T08:43:36
P1457,Window Lite,Beauty,BrandD,910.72,2024-12-28,2026-05-04T00:23:24
P1458,Responsibility Max,Electronics,BrandA,560.17,2024-10-01,2026-08-02T16:55:03
P1459,Future Lite,Beauty,BrandD,528.32,2025-01-04,2025-10-29T13:03:49
P1460,Age Standard,Apparel,BrandC,552.45,2025-04-15,2026-06-01T03:21:05
P1461,Outside Lite,Apparel,BrandB,677.9,2024-11-28,2026-04-07T19:41:51
P1462,Cup Pro,Beauty,BrandB,590.68,2025-09-10,2025-11-11T14:26:35
P1463,Improve Max,Home & Kitchen,BrandD,556.77,2024-12-19,2025-11-10T04:33:23
P1464,Of Lite,Beauty,BrandA,719.85,2024-09-26,2026-07-06T17:03:27
P1465,Nearly Pro,Electronics,BrandC,1289.94,2025-08-05,2026-02-07T12:28:37
P1466,Notice Lite,Electronics,BrandB,17.59,2025-01-17,2026-01-20T16:25:32
P1467,Have Standard,Sports,BrandD,1293.11,2025-07-28,2026-06-13T22:38:25
P1468,Beyond Lite,Electronics,BrandE,673.17,2025-05-11,2026-03-27T19:53:37
P1469,Subject Pro,Electronics,BrandA,1452.94,2024-10-25,2026-03-28T11:35:47
P1470,That Standard,Beauty,BrandE,903.26,2025-03-22,2026-08-29T23:06:14
P1471,Yes Lite,Electronics,BrandD,212.01,2025-05-18,2025-11-30T22:37:33
P1472,Piece Max,Electronics,BrandD,617.39,2025-01-29,2026-01-28T18:41:05
P1473,Before Max,Sports,BrandA,191.35,2025-03-10,2026-03-05T00:01:22
P1474,Hundred Max,Apparel,BrandB,222.81,2024-12-22,2026-05-22T03:46:41
P1475,Tend Max,Apparel,BrandB,838.54,2024-11-10,2026-05-02T03:59:30
P1476,Everything Lite,Electronics,BrandE,423.8,2025-06-17,2026-03-11T07:01:17
P1477,Small Lite,Apparel,BrandE,296.98,2025-03-26,2025-11-23T09:25:04
P1478,Human Lite,Electronics,BrandA,416.65,2025-05-02,2026-01-25T10:17:25
P1479,Half Pro,Sports,BrandC,684.03,2025-06-05,2026-07-17T11:55:37
P1480,Current Pro,Apparel,BrandC,1335.96,2024-11-15,2026-04-24T13:57:59
P1481,First Pro,Electronics,BrandB,527.07,2025-09-09,2026-02-09T16:15:42
P1482,Yard Pro,Home & Kitchen,BrandB,484.84,2025-03-23,2025-11-17T07:05:11
P1483,Soldier Standard,Apparel,BrandB,1151.55,2025-05-09,2025-12-17T06:53:06
P1484,Suddenly Max,Electronics,BrandD,441.01,2025-04-29,2026-02-12T16:40:33
P1485,Ok Lite,Beauty,BrandE,1471.01,2025-06-05,2025-09-28T16:17:30
P1486,None Standard,Sports,BrandB,53.52,2024-12-19,2026-02-07T22:01:55
P1487,Fall Pro,Electronics,BrandA,1343.48,2025-04-30,2025-10-01T10:22:48
P1488,Wonder Pro,Sports,BrandC,1365.95,2025-04-17,2026-02-17T03:04:57
P1489,Tree Lite,Apparel,BrandC,125.03,2025-07-27,2026-05-16T23:13:32
P1490,Policy Lite,Apparel,BrandE,1143.82,2025-06-06,2026-09-06T06:12:21
P1491,Effort Pro,Home & Kitchen,BrandC,709.6,2025-08-16,2026-06-15T03:11:16
P1492,Represent Standard,Beauty,BrandC,1101.82,2024-12-01,2026-03-03T10:32:10
P1493,Often Max,Sports,BrandA,271.18,2025-01-22,2026-01-21T21:02:41
P1494,Identify Max,Electronics,BrandD,340.8,2025-07-27,2025-10-30T08:42:36
P1495,Figure Lite,Beauty,BrandE,967.29,2025-07-26,2025-11-23T18:10:36
P1496,Another Pro,Apparel,BrandD,841.88,2025-07-27,2026-01-22T12:08:20
P1497,Early Pro,Apparel,BrandA,340.66,2024-12-19,2026-01-07T02:27:02
P1498,Arrive Standard,Home & Kitchen,BrandB,1234.81,2025-04-20,2026-07-21T13:26:10
P1499,Some Standard,Sports,BrandE,30.47,2025-07-29,2026-02-20T06:31:17
P1500,Tonight Lite,Sports,BrandC,1437.15,2025-04-01,2025-12-12T14:36:29
P1501,Party Standard,Home & Kitchen,BrandE,862.53,2024-12-22,2026-06-08T19:37:44
P1502,Ok Pro,Sports,BrandC,287.99,2024-12-09,2026-07-26T11:57:24
P1503,Physical Pro,Beauty,BrandE,1447.48,2025-06-24,2026-04-23T22:29:08
P1504,Second Pro,Home & Kitchen,BrandC,1341.86,2025-08-10,2025-12-08T01:19:46
P1505,Garden Standard,Electronics,BrandD,109.35,2024-09-21,2026-06-07T03:34:21
P1506,Have Pro,Beauty,BrandC,636.36,2025-06-05,2026-09-19T00:28:30
P1507,Term Max,Apparel,BrandD,1136.66,2025-07-27,2026-01-28T03:41:41
P1508,Help Lite,Beauty,BrandA,133.66,2024-09-21,2026-05-20T20:15:38
P1509,After Lite,Apparel,BrandD,627.42,2024-12-07,2026-08-02T04:23:27
P1510,Republican Max,Beauty,BrandE,112.98,2024-12-01,2025-12-03T09:53:12
P1511,Allow Pro,Apparel,BrandC,337.73,2025-05-24,2025-11-15T10:27:35
P1512,State Pro,Sports,BrandC,299.73,2025-03-25,2025-12-13T02:11:42
P1513,Seek Standard,Sports,BrandE,249.49,2025-05-10,2026-08-29T17:28:12
P1514,Everyone Standard,Home & Kitchen,BrandC,458.93,2025-05-05,2026-03-04T10:36:14
P1515,Off Standard,Apparel,BrandC,1206.03,2025-01-30,2026-01-22T13:05:56
P1516,Section Pro,Sports,BrandC,1016.22,2025-03-09,2025-10-17T21:32:58
P1517,Case Max,Apparel,BrandC,269.42,2025-06-12,2026-02-19T06:58:32
P1518,Skin Lite,Sports,BrandA,1152.52,2024-12-28,2025-12-13T15:10:10
P1519,And Lite,Electronics,BrandD,1067.06,2025-07-28,2026-09-16T22:42:53
P1520,Serious Lite,Electronics,BrandC,519.59,2024-11-02,2026-06-17T18:34:39
P1521,Turn Standard,Sports,BrandA,498.17,2025-02-09,2025-09-29T07:59:44
P1522,End Lite,Home & Kitchen,BrandD,429.87,2025-05-25,2026-08-15T20:45:09
P1523,Research Pro,Beauty,BrandB,1252.8,2025-08-09,2025-12-13T02:11:21
P1524,Exist Standard,Electronics,BrandB,423.55,2024-12-13,2025-10-30T20:23:39
P1525,Foot Lite,Beauty,BrandA,366.35,2024-12-11,2026-09-06T10:56:59
P1526,Which Max,Apparel,BrandB,934.67,2025-05-11,2026-06-28T16:28:18
P1527,Help Lite,Sports,BrandC,544.67,2025-03-04,2025-11-03T23:09:22
P1528,Power Max,Electronics,BrandC,963.65,2025-02-06,2026-05-12T16:35:43
P1529,System Max,Sports,BrandD,347.28,2025-07-23,2026-04-04T13:13:14
P1530,Model Lite,Electronics,BrandB,911.6,2024-12-05,2026-08-22T11:31:16
P1531,Event Standard,Apparel,BrandE,904.14,2025-01-18,2025-11-15T10:57:59
P1532,Language Standard,Apparel,BrandA,733.21,2024-11-12,2025-11-28T17:29:11
P1533,Team Max,Sports,BrandB,1245.54,2025-05-23,2026-08-14T02:41:56
P1534,Reduce Pro,Home & Kitchen,BrandA,616.83,2024-10-29,2025-10-05T01:14:38
P1535,Issue Max,Electronics,BrandC,1029.9,2025-07-05,2025-12-06T00:01:27
P1536,Behind Max,Beauty,BrandD,910.14,2025-03-24,2026-08-14T15:25:23
P1537,Become Standard,Electronics,BrandD,339.72,2025-01-03,2026-06-05T10:35:01
P1538,Want Max,Home & Kitchen,BrandA,1457.05,2025-08-08,2026-02-09T08:46:14
P1539,First Pro,Apparel,BrandE,243.77,2025-04-05,2026-03-23T03:05:56
P1540,Leader Pro,Home & Kitchen,BrandE,1172.55,2025-08-22,2025-11-15T22:15:14
P1541,Industry Lite,Electronics,BrandB,235.32,2025-08-10,2026-01-01T11:29:03
P1542,Project Standard,Electronics,BrandE,82.64,2025-01-16,2026-07-11T13:43:31
P1543,Responsibility Max,Apparel,BrandB,566.77,2025-07-12,2026-03-16T09:41:28
P1544,Thank Max,Beauty,BrandE,735.95,2025-08-13,2026-03-05T09:34:25
P1545,Suddenly Pro,Electronics,BrandA,972.73,2025-04-06,2026-06-10T13:15:03
P1546,Leg Max,Sports,BrandC,651.13,2025-07-18,2026-01-08T17:23:24
P1547,Level Standard,Apparel,BrandB,1264.11,2025-08-01,2026-02-03T01:40:25
P1548,I Standard,Home & Kitchen,BrandD,105.35,2025-03-28,2025-11-11T18:07:39
P1549,Since Lite,Home & Kitchen,BrandE,470.57,2025-02-24,2026-05-07T08:47:15
P1550,Lead Standard,Sports,BrandE,1219.72,2025-04-15,2026-08-05T02:55:44
P1551,Peace Max,Apparel,BrandA,435.63,2024-10-05,2025-10-12T10:36:10
P1552,Term Lite,Apparel,BrandB,1116.92,2024-12-30,2025-12-09T01:48:34
P1553,Energy Pro,Beauty,BrandD,703.56,2025-07-23,2026-07-28T20:17:38
P1554,Relationship Pro,Home & Kitchen,BrandC,571.5,2025-03-25,2026-09-15T05:16:21
P1555,Than Standard,Home & Kitchen,BrandB,671.47,2024-12-24,2026-04-27T11:44:59
P1556,Smile Pro,Sports,BrandC,1418.02,2025-06-08,2026-03-12T09:59:41
P1557,Democrat Lite,Apparel,BrandE,1051.96,2025-03-19,2026-04-22T00:29:29
P1558,Bit Pro,Electronics,BrandD,1461.31,2025-01-15,2025-10-11T06:48:44
P1559,Decide Standard,Beauty,BrandD,516.57,2025-06-18,2026-07-05T22:06:56
P1560,Write Lite,Apparel,BrandD,975.67,2025-04-24,2026-06-05T07:03:59
P1561,Ask Standard,Electronics,BrandB,49.49,2024-12-03,2025-10-16T00:48:27
P1562,Second Max,Sports,BrandA,1233.84,2025-04-27,2026-05-21T20:46:00
P1563,Second Lite,Beauty,BrandE,91.87,2025-03-25,2026-03-16T15:54:27
P1564,Occur Pro,Sports,BrandA,242.26,2024-12-25,2026-01-07T12:27:31
P1565,Feel Max,Electronics,BrandA,592.28,2025-03-03,2025-12-25T09:43:44
P1566,State Standard,Electronics,BrandD,947.51,2025-06-14,2026-08-08T04:05:21
P1567,Inside Standard,Beauty,BrandB,509.6,2025-08-23,2026-07-23T13:23:33
P1568,Person Max,Apparel,BrandB,1029.09,2025-09-02,2025-10-19T17:44:33
P1569,Draw Pro,Sports,BrandC,882.8,2025-03-08,2025-11-14T15:25:04
P1570,Money Pro,Apparel,BrandD,1229.92,2025-02-08,2026-06-28T22:00:10
P1571,Indicate Lite,Sports,BrandC,626.99,2025-01-14,2026-08-16T11:03:30
P1572,Sister Standard,Electronics,BrandA,436.24,2025-03-02,2025-11-03T08:16:05
P1573,Structure Max,Sports,BrandC,296.92,2025-01-07,2026-08-30T22:57:23
P1574,Property Pro,Electronics,BrandB,685.8,2025-06-01,2025-10-04T13:15:06
P1575,Fact Lite,Apparel,BrandE,1130.99,2025-08-07,2026-02-20T00:51:14
P1576,Public Max,Apparel,BrandA,318.7,2025-02-27,2025-09-23T01:11:16
P1577,Tv Lite,Beauty,BrandC,903.16,2025-07-05,2026-08-28T08:28:55
P1578,Federal Standard,Beauty,BrandE,320.95,2025-01-27,2026-02-06T17:58:00
P1579,Bring Standard,Sports,BrandC,163.89,2024-12-29,2026-04-03T08:06:39
P1580,Buy Max,Beauty,BrandD,520.32,2025-02-06,2026-01-07T17:31:20
P1581,Political Pro,Home & Kitchen,BrandB,1379.83,2025-08-27,2026-07-20T21:32:00
P1582,Learn Max,Electronics,BrandA,156.56,2024-11-03,2025-10-12T16:13:00
P1583,Direction Lite,Electronics,BrandD,1207.7,2025-07-01,2026-07-21T03:19:10
P1584,Study Max,Beauty,BrandD,446.33,2025-06-10,2026-08-11T18:47:46
P1585,Involve Standard,Beauty,BrandB,1308.54,2025-09-05,2026-05-13T17:46:16
P1586,Throw Lite,Electronics,BrandB,736.9,2025-03-07,2026-03-20T23:13:39
P1587,Run Lite,Home & Kitchen,BrandC,338.7,2025-02-18,2026-04-24T16:21:01
P1588,Center Max,Beauty,BrandC,1012.24,2025-02-18,2026-04-15T20:09:26
P1589,Paper Lite,Beauty,BrandE,709.2,2025-06-26,2026-06-18T16:41:45
P1590,Head Standard,Home & Kitchen,BrandE,667.52,2025-05-28,2026-09-10T21:44:50
P1591,Television Lite,Sports,BrandD,248.02,2025-06-22,2026-06-10T19:41:14
P1592,Guy Lite,Sports,BrandC,1065.16,2025-08-31,2025-12-02T22:30:37
P1593,Consider Pro,Electronics,BrandC,616.13,2025-07-20,2026-07-06T17:26:39
P1594,Protect Max,Home & Kitchen,BrandA,1438.28,2025-05-13,2026-08-26T01:58:55
P1595,Class Max,Sports,BrandD,497.22,2025-04-10,2026-02-17T16:58:26
P1596,Beat Lite,Electronics,BrandB,1229.45,2024-12-17,2026-03-30T09:20:58
P1597,Way Pro,Beauty,BrandB,1128.53,2024-10-13,2025-12-21T18:39:34
P1598,Firm Standard,Beauty,BrandB,899.94,2024-12-21,2026-07-18T00:05:36
P1599,Keep Max,Home & Kitchen,BrandA,924.69,2024-12-03,2026-08-15T12:05:00
P1600,New Max,Home & Kitchen,BrandC,1301.04,2025-01-30,2026-08-11T15:19:34
P1601,Teach Pro,Apparel,BrandE,174.27,2025-02-16,2025-12-31T18:46:04
P1602,Place Standard,Home & Kitchen,BrandA,287.21,2024-12-01,2026-08-14T07:36:54
P1603,Source Max,Home & Kitchen,BrandD,697.59,2025-07-28,2026-06-30T16:05:23
P1604,Beyond Pro,Home & Kitchen,BrandC,1458.97,2025-02-13,2026-08-17T17:05:17
P1605,Democratic Standard,Apparel,BrandC,183.16,2025-08-24,2026-08-25T04:28:43
P1606,Mission Lite,Electronics,BrandD,46.1,2024-10-04,2026-07-30T22:26:48
P1607,Meet Max,Sports,BrandE,209.59,2025-07-06,2026-08-06T14:28:25
P1608,Foot Lite,Beauty,BrandE,1024.15,2025-05-09,2026-01-20T04:12:29
P1609,Third Max,Apparel,BrandB,672.61,2025-04-14,2026-09-18T16:18:12
P1610,Degree Max,Electronics,BrandE,1051.09,2025-06-22,2026-01-28T15:48:01
P1611,Quite Lite,Home & Kitchen,BrandA,1079.47,2025-04-14,2026-09-13T15:07:49
P1612,Report Standard,Beauty,BrandD,1151.25,2024-10-23,2025-10-28T05:32:32
P1613,Garden Standard,Electronics,BrandD,303.72,2025-01-31,2025-11-27T03:53:43
P1614,First Max,Apparel,BrandE,645.24,2024-10-01,2026-03-04T15:45:34
P1615,Special Pro,Electronics,BrandA,1482.77,2025-05-06,2026-04-27T20:52:24
P1616,Teacher Max,Electronics,BrandA,1338.1,2024-12-03,2026-08-19T23:39:10
P1617,Prove Lite,Sports,BrandC,198.49,2024-10-22,2026-07-17T02:31:47
P1618,Attorney Lite,Sports,BrandB,314.84,2025-03-27,2026-02-27T05:37:23
P1619,Radio Max,Beauty,BrandD,1016.79,2025-03-02,2026-01-20T16:56:02
P1620,Street Standard,Electronics,BrandE,257.91,2025-01-02,2026-07-19T08:52:16
P1621,Forward Standard,Beauty,BrandA,1048.99,2024-09-28,2026-01-20T09:47:13
P1622,Crime Standard,Electronics,BrandC,963.77,2024-11-12,2026-04-22T07:28:05
P1623,Near Lite,Sports,BrandC,1337.07,2025-09-06,2026-04-02T22:32:20
P1624,Rate Max,Electronics,BrandE,1478.2,2024-10-26,2026-08-04T07:16:23
P1625,He Standard,Home & Kitchen,BrandE,1075.64,2025-03-07,2025-12-25T03:27:11
P1626,Far Pro,Electronics,BrandB,226.9,2025-01-02,2025-12-16T21:09:16
P1627,Avoid Lite,Electronics,BrandE,1396.49,2025-09-05,2025-12-06T19:55:27
P1628,Understand Lite,Electronics,BrandA,125.39,2025-04-11,2025-10-07T04:32:13
P1629,Your Lite,Home & Kitchen,BrandD,173.49,2024-10-11,2026-01-25T15:22:26
P1630,Business Lite,Sports,BrandA,815.93,2024-12-12,2026-01-16T09:45:04
P1631,Executive Pro,Apparel,BrandE,1103.29,2025-08-17,2026-04-10T02:55:05
P1632,Social Pro,Home & Kitchen,BrandC,960.71,2025-08-14,2025-12-12T21:11:03
P1633,Nice Pro,Home & Kitchen,BrandA,415.19,2025-01-16,2025-11-12T11:25:08
P1634,Return Pro,Home & Kitchen,BrandD,583.59,2025-08-04,2026-08-13T03:40:01
P1635,Especially Lite,Electronics,BrandB,1252.12,2025-09-06,2026-03-21T05:59:41
P1636,Together Max,Sports,BrandA,418.92,2024-11-06,2026-01-13T17:43:19
P1637,Citizen Max,Beauty,BrandC,692.54,2025-07-19,2026-03-10T13:19:14
P1638,Administration Lite,Sports,BrandA,303.66,2025-08-17,2025-10-22T07:11:01
P1639,Away Pro,Electronics,BrandD,779.32,2025-03-17,2025-10-20T07:33:32
P1640,Design Lite,Beauty,BrandC,676.59,2025-01-29,2026-08-13T09:40:22
P1641,Phone Standard,Beauty,BrandE,400.77,2025-01-04,2026-04-17T11:04:10
P1642,Recently Pro,Sports,BrandA,240.6,2025-02-26,2026-09-14T19:45:50
P1643,Thus Standard,Electronics,BrandD,1347.21,2025-07-01,2026-04-03T18:40:34
P1644,Laugh Max,Beauty,BrandA,659.54,2024-10-21,2025-12-27T16:06:30
P1645,About Pro,Home & Kitchen,BrandE,1392.49,2025-05-14,2026-02-15T21:32:47
P1646,Five Standard,Sports,BrandD,178.11,2025-04-26,2026-05-17T23:21:47
P1647,High Standard,Beauty,BrandD,540.81,2025-08-17,2026-05-21T18:32:30
P1648,Smile Max,Apparel,BrandB,626.6,2024-10-05,2026-02-07T09:03:51
P1649,Environment Standard,Electronics,BrandC,1298.61,2025-07-18,2025-12-06T15:15:10
P1650,Scientist Lite,Sports,BrandB,568.64,2025-07-10,2026-08-12T02:34:32
P1651,Fast Lite,Home & Kitchen,BrandE,109.79,2025-05-08,2026-01-16T08:39:05
P1652,State Lite,Beauty,BrandC,665.2,2024-10-12,2025-10-12T02:26:00
P1653,Real Max,Sports,BrandC,377.9,2025-06-04,2025-12-05T17:50:52
P1654,Good Max,Apparel,BrandE,987.64,2025-02-06,2026-04-15T16:44:04
P1655,Successful Max,Home & Kitchen,BrandB,587.97,2025-08-12,2026-03-02T10:51:12
P1656,Card Max,Electronics,BrandD,1359.08,2025-01-24,2026-07-29T01:17:58
P1657,House Standard,Home & Kitchen,BrandE,74.54,2024-11-25,2026-05-04T20:18:44
P1658,College Lite,Sports,BrandC,1394.26,2025-02-28,2025-11-30T05:28:15
P1659,Institution Standard,Sports,BrandD,911.08,2025-06-24,2026-09-07T13:36:54
P1660,Beautiful Max,Electronics,BrandB,19.63,2025-07-06,2026-02-11T18:05:00
P1661,Somebody Lite,Apparel,BrandB,1352.42,2024-12-28,2026-05-17T08:33:49
P1662,When Standard,Apparel,BrandD,1133.39,2025-07-29,2026-07-07T12:26:59
P1663,Meeting Standard,Sports,BrandE,1218.57,2025-04-04,2026-06-07T07:12:13
P1664,Green Max,Home & Kitchen,BrandC,113.75,2025-05-14,2026-03-05T23:32:09
P1665,Smile Lite,Electronics,BrandB,486.7,2025-05-26,2025-12-06T06:09:36
P1666,Science Lite,Home & Kitchen,BrandD,168.68,2025-04-24,2025-10-08T08:28:59
P1667,How Max,Electronics,BrandE,706.0,2025-03-13,2026-02-28T22:08:27
P1668,Late Max,Electronics,BrandE,1374.99,2024-11-08,2026-03-23T15:18:42
P1669,Also Standard,Apparel,BrandA,961.97,2024-11-18,2026-08-20T12:56:02
P1670,Contain Max,Sports,BrandB,1425.7,2025-02-19,2026-06-16T22:03:58
P1671,Along Standard,Beauty,BrandD,1380.58,2025-02-10,2026-03-22T20:14:50
P1672,Clear Pro,Electronics,BrandE,445.81,2025-04-20,2025-12-20T18:41:14
P1673,Director Lite,Apparel,BrandD,982.19,2025-04-15,2025-10-19T00:00:46
P1674,Ten Standard,Apparel,BrandA,1172.55,2025-01-21,2026-01-26T03:18:15
P1675,Turn Pro,Electronics,BrandD,1362.03,2024-10-25,2026-07-24T09:56:32
P1676,Citizen Max,Electronics,BrandA,1242.65,2025-08-30,2026-08-24T21:32:53
P1677,Edge Lite,Apparel,BrandB,449.85,2025-01-14,2026-01-03T17:18:45
P1678,Window Lite,Beauty,BrandB,1333.79,2024-11-07,2026-08-27T12:56:03
P1679,Tax Pro,Home & Kitchen,BrandD,1274.66,2025-03-04,2025-12-24T00:57:29
P1680,Analysis Standard,Beauty,BrandA,1138.51,2024-09-30,2026-04-23T01:42:51
P1681,Contain Standard,Electronics,BrandE,878.02,2025-04-05,2026-09-01T18:23:23
P1682,Condition Standard,Electronics,BrandD,553.5,2025-05-09,2026-08-20T02:19:03
P1683,Glass Standard,Home & Kitchen,BrandD,609.93,2025-04-23,2025-10-28T07:40:09
P1684,Top Standard,Beauty,BrandC,70.63,2025-06-11,2026-08-29T06:24:32
P1685,Customer Standard,Sports,BrandB,300.21,2024-09-21,2026-07-03T22:02:15
P1686,Many Lite,Electronics,BrandA,926.34,2025-01-19,2025-09-20T18:58:49
P1687,Provide Lite,Apparel,BrandB,1404.89,2025-01-10,2025-09-20T14:32:09
P1688,Run Lite,Apparel,BrandD,1026.4,2025-03-15,2025-12-05T08:36:14
P1689,Receive Lite,Apparel,BrandD,939.97,2024-10-22,2026-09-02T10:07:43
P1690,Bit Max,Apparel,BrandA,873.39,2025-08-06,2026-08-10T21:23:58
P1691,None Lite,Apparel,BrandE,1058.1,2025-02-15,2025-12-10T20:09:07
P1692,Candidate Standard,Electronics,BrandC,1042.99,2025-06-30,2025-12-29T02:33:19
P1693,Way Standard,Apparel,BrandD,84.6,2025-03-17,2025-10-30T15:44:50
P1694,High Pro,Home & Kitchen,BrandD,1185.0,2025-04-15,2026-08-21T04:44:44
P1695,Tough Pro,Electronics,BrandC,65.34,2025-08-17,2026-05-15T23:26:37
P1696,Center Pro,Electronics,BrandA,601.48,2025-06-19,2026-07-20T16:20:37
P1697,Lawyer Max,Beauty,BrandA,55.79,2025-03-05,2026-09-15T03:10:34
P1698,Alone Pro,Apparel,BrandD,529.49,2025-09-05,2026-06-11T07:02:23
P1699,Page Max,Home & Kitchen,BrandD,1365.51,2024-09-27,2026-06-28T14:12:44
P1700,Arrive Standard,Sports,BrandB,338.78,2024-09-29,2025-11-28T23:41:09
P1701,Eat Lite,Sports,BrandE,1073.46,2025-03-30,2025-12-06T14:00:41
P1702,Prove Lite,Beauty,BrandA,904.18,2025-04-17,2026-01-29T17:00:32
P1703,Make Pro,Home & Kitchen,BrandE,610.35,2025-04-13,2026-06-04T08:30:32
P1704,Actually Pro,Home & Kitchen,BrandD,371.27,2025-08-29,2025-11-24T09:01:10
P1705,Return Standard,Beauty,BrandC,1021.38,2025-04-09,2026-08-25T23:28:06
P1706,Appear Max,Apparel,BrandA,1316.13,2025-07-16,2025-10-25T05:15:00
P1707,Country Pro,Beauty,BrandB,1227.76,2025-08-31,2026-08-09T01:05:33
P1708,Officer Standard,Beauty,BrandC,227.92,2025-07-23,2026-05-13T02:08:44
P1709,Seat Max,Home & Kitchen,BrandD,812.7,2024-10-29,2025-11-28T23:15:18
P1710,For Lite,Sports,BrandB,1482.87,2025-02-14,2026-08-05T15:32:48
P1711,Door Standard,Apparel,BrandC,13.89,2025-05-11,2026-04-19T02:47:47
P1712,True Pro,Apparel,BrandA,823.7,2025-06-15,2026-04-05T04:53:41
P1713,Not Pro,Electronics,BrandC,1003.14,2025-01-21,2026-04-14T15:43:58
P1714,Miss Standard,Electronics,BrandC,138.16,2025-06-06,2026-08-17T18:00:31
P1715,Term Pro,Sports,BrandC,426.91,2024-12-07,2026-03-07T23:54:47
P1716,Them Max,Beauty,BrandA,606.96,2025-04-08,2026-08-09T02:23:31
P1717,Cold Max,Electronics,BrandB,1482.64,2024-12-16,2026-08-28T07:48:40
P1718,Will Lite,Beauty,BrandB,578.27,2025-03-29,2026-04-09T17:52:59
P1719,Argue Max,Electronics,BrandA,1361.54,2025-06-05,2026-06-14T15:35:05
P1720,Can Pro,Electronics,BrandE,88.1,2025-07-06,2026-02-15T12:42:42
P1721,Break Max,Electronics,BrandE,670.62,2025-04-20,2026-09-14T16:42:27
P1722,Capital Pro,Electronics,BrandC,1281.88,2025-02-24,2025-11-10T23:22:41
P1723,Program Pro,Apparel,BrandE,969.11,2025-06-14,2026-07-11T15:24:26
P1724,Become Max,Home & Kitchen,BrandC,106.06,2024-10-23,2025-11-01T13:40:12
P1725,Government Max,Sports,BrandA,936.24,2025-05-20,2026-03-02T13:11:19
P1726,Memory Max,Electronics,BrandC,1062.35,2025-07-07,2026-01-12T07:51:30
P1727,So Standard,Beauty,BrandD,141.9,2024-12-07,2025-10-04T11:42:04
P1728,Girl Standard,Beauty,BrandB,805.35,2025-08-21,2026-01-24T20:45:27
P1729,Much Pro,Sports,BrandA,219.09,2025-06-19,2026-07-10T08:17:56
P1730,Month Max,Beauty,BrandE,109.5,2024-10-13,2026-08-26T00:23:00
P1731,Share Lite,Beauty,BrandC,1155.96,2025-09-05,2025-10-22T06:56:21
P1732,Yeah Pro,Home & Kitchen,BrandB,119.74,2025-08-08,2026-01-03T18:47:06
P1733,Kind Pro,Electronics,BrandC,1024.51,2024-12-11,2026-02-21T19:29:33
P1734,General Max,Apparel,BrandA,1294.41,2024-10-30,2026-07-17T22:52:34
P1735,Be Standard,Beauty,BrandB,910.94,2025-08-30,2026-04-29T18:00:27
P1736,Author Lite,Apparel,BrandA,840.97,2025-08-26,2026-02-20T12:38:04
P1737,Improve Pro,Home & Kitchen,BrandB,1004.23,2025-08-23,2026-06-30T22:54:43
P1738,Theory Max,Beauty,BrandD,1102.84,2025-03-19,2025-10-29T00:35:28
P1739,Support Lite,Electronics,BrandA,614.25,2025-01-06,2026-09-14T04:18:57
P1740,Stage Standard,Beauty,BrandD,1038.22,2025-08-02,2026-08-10T21:12:27
P1741,That Pro,Sports,BrandD,723.29,2024-09-18,2025-12-24T21:32:02
P1742,Themselves Max,Sports,BrandE,1217.63,2025-03-03,2026-01-13T13:00:44
P1743,Art Max,Beauty,BrandB,654.34,2025-08-09,2026-02-12T06:28:31
P1744,Under Lite,Electronics,BrandA,1095.78,2024-11-24,2026-01-06T22:11:59
P1745,Let Standard,Apparel,BrandD,1387.23,2025-09-01,2026-09-13T08:38:23
P1746,Add Max,Sports,BrandB,284.27,2024-11-23,2026-02-22T04:05:49
P1747,Stock Standard,Beauty,BrandD,776.94,2025-07-02,2026-06-23T07:50:31
P1748,Kind Pro,Sports,BrandB,676.84,2025-08-14,2026-08-26T00:29:03
P1749,Wait Standard,Electronics,BrandD,1484.37,2025-04-06,2025-11-04T00:53:06
P1750,Ability Lite,Apparel,BrandB,829.94,2024-12-06,2025-10-15T06:34:43
P1751,Stage Pro,Beauty,BrandC,875.36,2025-06-30,2025-12-28T05:02:34
P1752,With Max,Home & Kitchen,BrandE,807.84,2025-04-29,2025-12-26T13:03:04
P1753,Others Max,Home & Kitchen,BrandC,937.51,2025-07-02,2026-08-17T01:46:24
P1754,Human Standard,Beauty,BrandB,656.41,2025-04-09,2026-03-06T19:55:06
P1755,Half Standard,Beauty,BrandC,47.16,2025-09-13,2026-02-25T16:50:01
P1756,Management Max,Sports,BrandC,1439.79,2025-07-12,2026-08-12T20:51:22
P1757,Ask Pro,Home & Kitchen,BrandA,1387.17,2024-10-05,2026-01-04T18:59:39
P1758,Tree Lite,Electronics,BrandD,172.95,2025-08-18,2025-11-09T08:57:20
P1759,Commercial Standard,Home & Kitchen,BrandD,831.64,2025-02-10,2026-06-21T04:10:37
P1760,North Max,Sports,BrandA,1430.56,2024-12-07,2026-02-14T11:32:45
P1761,Quite Max,Sports,BrandC,1302.43,2025-07-29,2026-04-11T12:13:00
P1762,Unit Lite,Electronics,BrandE,803.99,2024-12-15,2026-07-14T07:11:34
P1763,Bill Pro,Electronics,BrandC,793.12,2025-07-31,2026-01-09T19:32:11
P1764,Democrat Pro,Electronics,BrandC,1163.06,2025-05-03,2025-11-19T11:46:42
P1765,Avoid Pro,Sports,BrandB,400.22,2025-03-27,2026-06-22T14:05:52
P1766,Official Max,Sports,BrandD,846.16,2024-12-04,2025-09-23T16:42:44
P1767,Get Standard,Home & Kitchen,BrandD,1488.7,2025-08-24,2026-02-04T07:59:38
P1768,Must Max,Electronics,BrandB,888.58,2025-03-22,2026-02-23T05:27:29
P1769,Operation Pro,Electronics,BrandA,1099.32,2024-11-08,2025-10-25T07:19:46
P1770,Eight Max,Home & Kitchen,BrandA,105.07,2024-12-01,2026-04-09T17:59:29
P1771,Difference Standard,Electronics,BrandD,420.1,2024-11-14,2026-02-11T20:55:26
P1772,Deep Pro,Beauty,BrandE,523.5,2024-10-29,2026-05-07T18:03:31
P1773,Kitchen Max,Apparel,BrandB,1277.96,2025-01-24,2026-08-31T21:43:05
P1774,Run Standard,Sports,BrandB,1233.05,2025-08-22,2026-03-27T05:36:39
P1775,Direction Pro,Beauty,BrandB,1330.79,2024-12-02,2025-11-16T13:42:28
P1776,Cup Pro,Beauty,BrandB,39.52,2025-02-07,2025-10-18T08:01:41
P1777,Campaign Max,Home & Kitchen,BrandB,1358.0,2025-02-03,2026-03-01T09:14:23
P1778,Debate Standard,Apparel,BrandC,1055.61,2024-12-27,2025-12-28T00:00:40
P1779,Mission Standard,Home & Kitchen,BrandB,709.66,2025-01-02,2026-04-24T03:46:42
P1780,Score Lite,Electronics,BrandC,747.28,2025-06-14,2026-04-10T13:06:49
P1781,Level Pro,Home & Kitchen,BrandC,592.63,2025-07-10,2026-05-16T01:57:23
P1782,Imagine Lite,Beauty,BrandD,391.01,2024-10-22,2026-05-27T03:56:00
P1783,Enough Standard,Sports,BrandD,1185.59,2024-09-30,2026-08-26T23:15:10
P1784,Strong Lite,Home & Kitchen,BrandC,1410.22,2025-07-01,2025-11-15T23:34:55
P1785,Scientist Max,Home & Kitchen,BrandC,1089.58,2024-10-01,2026-04-15T12:57:43
P1786,Traditional Lite,Beauty,BrandD,1345.52,2025-01-20,2026-03-08T21:36:02
P1787,Network Standard,Home & Kitchen,BrandE,305.95,2025-04-07,2025-11-16T18:51:17
P1788,Prevent Lite,Sports,BrandB,1181.96,2025-04-05,2026-06-22T14:49:09
P1789,Energy Max,Home & Kitchen,BrandE,1417.6,2025-06-28,2026-05-29T18:01:52
P1790,Finally Max,Beauty,BrandD,331.59,2025-06-27,2026-01-09T09:57:02
P1791,Newspaper Standard,Home & Kitchen,BrandE,476.65,2025-04-19,2026-06-15T09:10:15
P1792,Enjoy Max,Electronics,BrandD,714.42,2025-03-25,2026-09-17T17:33:39
P1793,Happy Standard,Electronics,BrandE,1352.63,2025-06-22,2026-08-04T14:08:53
P1794,Beautiful Lite,Apparel,BrandB,1161.98,2025-07-16,2026-08-10T05:10:46
P1795,Oil Standard,Sports,BrandE,335.48,2025-01-18,2026-03-09T17:56:28
P1796,Use Lite,Home & Kitchen,BrandB,1308.19,2025-03-01,2026-03-21T10:01:00
P1797,Long Standard,Sports,BrandC,1301.12,2025-05-20,2026-03-19T21:28:36
P1798,Executive Pro,Home & Kitchen,BrandA,1147.11,2025-01-10,2025-11-02T06:22:20
P1799,Story Lite,Home & Kitchen,BrandA,548.16,2025-03-30,2025-11-16T16:05:15
P1800,North Pro,Sports,BrandB,802.7,2025-04-12,2026-05-19T00:29:28
P1801,Thought Standard,Beauty,BrandB,1101.9,2025-01-26,2026-04-19T22:11:08
P1802,Marriage Pro,Electronics,BrandD,303.64,2025-07-22,2026-08-23T20:22:24
P1803,Recognize Max,Sports,BrandB,855.05,2025-06-05,2025-10-06T00:38:41
P1804,Ever Standard,Beauty,BrandB,1372.87,2025-03-25,2026-01-11T23:29:25
P1805,Loss Standard,Apparel,BrandE,478.95,2024-11-02,2026-07-22T17:45:10
P1806,Religious Lite,Electronics,BrandB,847.72,2024-11-07,2026-01-17T05:45:24
P1807,Rich Pro,Electronics,BrandD,215.18,2025-04-17,2026-08-03T03:42:34
P1808,Customer Lite,Electronics,BrandC,67.29,2024-12-30,2026-09-03T10:43:00
P1809,Today Max,Electronics,BrandC,1488.76,2025-01-07,2026-08-28T15:56:22
P1810,Hair Pro,Apparel,BrandE,150.38,2024-11-19,2025-10-21T22:07:49
P1811,Best Max,Home & Kitchen,BrandB,1328.23,2025-05-04,2026-01-31T09:50:44
P1812,Develop Max,Beauty,BrandE,404.59,2025-01-22,2026-03-25T17:12:57
P1813,Recognize Max,Apparel,BrandD,934.46,2025-04-04,2025-09-20T10:36:12
P1814,Edge Lite,Apparel,BrandA,1198.26,2024-10-17,2026-05-18T13:36:51
P1815,And Pro,Electronics,BrandB,366.11,2025-02-24,2026-04-13T01:11:00
P1816,Choice Lite,Sports,BrandA,419.41,2024-11-18,2025-09-23T20:37:23
P1817,List Max,Beauty,BrandC,285.13,2025-01-29,2026-07-13T22:49:09
P1818,Much Standard,Home & Kitchen,BrandB,831.53,2025-01-11,2026-01-07T20:22:23
P1819,Song Standard,Apparel,BrandC,175.4,2024-12-28,2025-11-08T01:07:39
P1820,At Pro,Sports,BrandC,748.91,2025-02-08,2026-06-15T16:07:54
P1821,Sound Max,Sports,BrandC,529.36,2025-08-16,2025-12-03T23:22:44
P1822,Recently Lite,Electronics,BrandC,951.56,2025-01-17,2026-08-03T04:57:37
P1823,Way Standard,Electronics,BrandE,1237.46,2025-01-25,2025-12-14T08:10:54
P1824,Especially Pro,Sports,BrandB,493.03,2025-01-30,2026-09-17T02:07:12
P1825,Coach Pro,Beauty,BrandC,522.59,2025-01-15,2026-08-25T23:47:45
P1826,Voice Lite,Home & Kitchen,BrandB,1036.07,2025-04-27,2026-05-12T11:19:14
P1827,Young Pro,Beauty,BrandB,716.12,2025-05-27,2026-06-20T10:19:45
P1828,Town Pro,Beauty,BrandD,307.7,2025-02-20,2025-12-07T01:29:03
P1829,Address Standard,Home & Kitchen,BrandD,152.25,2025-01-29,2026-01-23T04:20:26
P1830,Imagine Max,Electronics,BrandC,1247.38,2025-05-26,2025-10-19T00:02:49
P1831,Which Lite,Beauty,BrandB,1143.97,2024-09-27,2026-08-14T04:58:45
P1832,Window Lite,Electronics,BrandB,1132.35,2024-12-01,2026-03-21T04:03:31
P1833,Phone Pro,Sports,BrandC,793.32,2025-03-15,2026-02-25T08:32:52
P1834,Contain Standard,Beauty,BrandB,31.03,2025-05-09,2026-07-18T01:55:20
P1835,Quickly Pro,Beauty,BrandE,358.72,2025-01-07,2026-02-26T12:57:12
P1836,Instead Standard,Apparel,BrandA,1187.25,2024-10-26,2026-05-19T18:20:26
P1837,Standard Max,Sports,BrandE,510.68,2025-01-28,2026-07-31T04:13:24
P1838,People Pro,Beauty,BrandD,1412.13,2024-10-05,2026-02-07T08:42:55
P1839,Water Lite,Home & Kitchen,BrandA,1071.29,2024-11-16,2026-07-17T02:57:52
P1840,Establish Max,Apparel,BrandD,666.66,2025-01-10,2026-02-01T18:14:26
P1841,Least Pro,Apparel,BrandB,427.79,2024-11-12,2026-04-04T07:23:24
P1842,Down Max,Sports,BrandE,800.58,2025-03-22,2025-12-23T15:26:53
P1843,Near Pro,Home & Kitchen,BrandE,522.79,2024-09-19,2026-02-13T11:34:44
P1844,Enough Pro,Home & Kitchen,BrandB,95.2,2025-04-29,2026-01-20T01:37:21
P1845,Billion Lite,Sports,BrandB,607.1,2025-07-09,2025-11-11T11:53:08
P1846,Citizen Lite,Electronics,BrandB,833.94,2025-07-23,2026-02-04T09:16:23
P1847,Force Max,Electronics,BrandB,390.47,2025-06-30,2026-09-09T12:21:58
P1848,Scientist Standard,Home & Kitchen,BrandC,667.93,2024-12-30,2026-05-01T13:19:57
P1849,Medical Standard,Apparel,BrandE,918.35,2025-07-21,2026-06-10T14:41:05
P1850,Service Pro,Home & Kitchen,BrandC,889.8,2024-10-09,2026-02-17T13:11:28
P1851,Education Lite,Home & Kitchen,BrandB,1344.0,2025-06-26,2026-01-15T17:39:17
P1852,International Max,Home & Kitchen,BrandB,659.46,2025-05-23,2026-07-06T09:18:22
P1853,Current Lite,Apparel,BrandA,1331.03,2025-05-10,2026-04-30T15:53:00
P1854,National Max,Sports,BrandD,730.63,2025-06-28,2026-05-22T00:18:08
P1855,Budget Pro,Home & Kitchen,BrandA,617.92,2025-04-15,2026-09-07T03:44:48
P1856,Stage Pro,Beauty,BrandE,198.5,2024-11-07,2026-07-19T18:58:26
P1857,Usually Lite,Electronics,BrandD,328.31,2025-06-05,2026-05-13T08:27:03
P1858,Account Max,Sports,BrandA,1264.36,2025-09-17,2026-05-05T01:22:09
P1859,Ahead Max,Sports,BrandA,1118.02,2025-02-08,2026-04-08T03:30:48
P1860,Control Standard,Apparel,BrandE,241.87,2025-05-05,2025-10-24T09:58:36
P1861,Measure Pro,Sports,BrandE,376.82,2025-07-31,2026-08-25T14:21:42
P1862,Develop Pro,Home & Kitchen,BrandD,334.57,2024-10-16,2026-08-21T19:04:05
P1863,Try Standard,Beauty,BrandD,179.72,2025-01-03,2026-07-14T06:22:12
P1864,Design Pro,Home & Kitchen,BrandB,851.67,2025-02-20,2026-01-23T22:12:07
P1865,Skin Standard,Beauty,BrandA,668.69,2025-09-16,2025-10-09T17:50:43
P1866,Easy Lite,Home & Kitchen,BrandE,1113.32,2025-02-05,2025-09-22T11:29:37
P1867,Tonight Pro,Home & Kitchen,BrandB,94.15,2025-01-07,2026-06-17T07:23:59
P1868,Out Lite,Home & Kitchen,BrandA,25.42,2025-06-26,2026-09-07T19:36:42
P1869,Town Max,Electronics,BrandB,1166.41,2025-02-13,2026-05-28T18:02:02
P1870,Pm Standard,Sports,BrandB,845.09,2024-11-25,2026-04-25T10:16:03
P1871,Half Pro,Apparel,BrandC,960.55,2024-11-05,2026-04-01T13:05:01
P1872,Seem Pro,Apparel,BrandE,481.15,2025-09-17,2026-03-05T14:46:09
P1873,Just Standard,Beauty,BrandD,80.37,2025-01-28,2026-02-02T00:36:28
P1874,Nature Pro,Home & Kitchen,BrandA,910.83,2025-06-30,2025-09-30T11:04:54
P1875,Whole Max,Home & Kitchen,BrandD,1030.42,2025-03-13,2025-12-11T04:30:14
P1876,Meet Standard,Home & Kitchen,BrandC,941.9,2025-01-29,2025-12-27T09:08:11
P1877,Long Max,Apparel,BrandD,817.14,2025-03-01,2026-07-28T21:50:35
P1878,Read Pro,Electronics,BrandA,1334.11,2025-07-15,2025-09-28T11:14:33
P1879,Respond Max,Beauty,BrandB,116.79,2024-12-12,2026-04-13T17:34:09
P1880,Doctor Lite,Electronics,BrandB,374.41,2025-08-18,2026-07-01T17:22:37
P1881,Allow Standard,Electronics,BrandA,822.78,2024-12-26,2026-01-27T09:20:46
P1882,Indicate Max,Apparel,BrandA,156.82,2025-06-29,2026-08-23T05:09:33
P1883,Leader Max,Home & Kitchen,BrandB,268.98,2025-05-22,2026-02-01T12:59:48
P1884,Daughter Max,Electronics,BrandD,789.23,2024-12-22,2025-10-23T04:09:36
P1885,Best Standard,Apparel,BrandD,1263.23,2025-06-24,2026-05-04T03:09:01
P1886,Be Max,Sports,BrandE,1018.34,2024-11-15,2026-05-06T13:11:31
P1887,Common Pro,Beauty,BrandB,1110.04,2025-04-15,2026-02-10T01:15:00
P1888,Station Pro,Beauty,BrandE,892.84,2024-12-16,2026-05-29T14:09:06
P1889,Chair Lite,Beauty,BrandD,728.39,2024-10-04,2026-04-24T11:29:27
P1890,Board Pro,Electronics,BrandA,536.85,2024-11-08,2025-10-23T10:58:37
P1891,End Pro,Home & Kitchen,BrandA,1173.01,2024-10-22,2026-08-14T06:07:32
P1892,Hear Standard,Electronics,BrandD,180.07,2024-12-09,2026-05-12T10:14:16
P1893,Huge Max,Home & Kitchen,BrandE,554.12,2025-01-23,2025-10-28T22:44:03
P1894,Often Pro,Sports,BrandE,487.76,2025-04-13,2026-05-06T04:23:29
P1895,Practice Max,Apparel,BrandD,19.57,2025-04-27,2025-09-20T08:39:56
P1896,Tell Lite,Electronics,BrandA,1324.41,2025-01-05,2026-02-09T21:25:21
P1897,Authority Pro,Sports,BrandC,1199.84,2024-11-10,2025-10-25T05:08:49
P1898,True Lite,Home & Kitchen,BrandC,1402.76,2024-09-21,2025-11-05T03:39:33
P1899,Scene Standard,Sports,BrandD,221.23,2024-12-31,2025-10-23T05:34:37
P1900,Laugh Standard,Home & Kitchen,BrandC,590.33,2025-03-14,2026-05-07T15:03:10
P1901,Agree Pro,Sports,BrandB,685.74,2025-03-31,2026-06-18T12:49:26
P1902,Recently Standard,Electronics,BrandB,664.39,2025-01-18,2026-02-09T06:59:33
P1903,Whose Pro,Sports,BrandE,628.76,2025-01-30,2026-07-04T02:12:12
P1904,Address Max,Beauty,BrandB,881.13,2025-03-18,2026-05-13T17:28:08
P1905,She Standard,Electronics,BrandB,1115.86,2024-09-27,2026-07-16T08:09:30
P1906,House Standard,Beauty,BrandE,335.95,2025-05-10,2026-03-26T16:29:49
P1907,Director Pro,Home & Kitchen,BrandC,746.68,2025-06-14,2026-03-28T18:35:54
P1908,Probably Standard,Electronics,BrandB,821.26,2025-09-03,2025-10-15T02:50:17
P1909,Coach Standard,Home & Kitchen,BrandA,257.15,2024-12-23,2025-10-18T12:42:25
P1910,Anyone Max,Apparel,BrandC,1004.15,2025-08-14,2026-08-06T22:43:30
P1911,Property Pro,Home & Kitchen,BrandC,1183.31,2024-09-21,2026-08-10T18:47:33
P1912,During Standard,Apparel,BrandD,642.15,2025-06-28,2026-08-30T06:41:26
P1913,Political Max,Electronics,BrandC,1427.63,2025-06-07,2026-07-09T04:26:28
P1914,In Pro,Electronics,BrandD,629.98,2024-12-22,2026-07-07T12:59:07
P1915,Item Pro,Home & Kitchen,BrandB,943.05,2025-05-23,2026-09-15T00:54:40
P1916,But Pro,Home & Kitchen,BrandB,450.33,2024-09-30,2026-01-05T00:10:35
P1917,Talk Max,Electronics,BrandE,601.21,2025-05-23,2025-12-16T00:43:18
P1918,Son Standard,Apparel,BrandD,400.28,2025-07-01,2026-01-05T10:34:21
P1919,Bad Pro,Home & Kitchen,BrandD,476.66,2025-02-14,2026-09-04T13:29:49
P1920,Leave Standard,Sports,BrandE,1354.57,2025-03-26,2026-01-25T13:47:02
P1921,Remain Pro,Apparel,BrandD,831.3,2025-02-03,2026-08-04T08:55:39
P1922,Development Max,Electronics,BrandA,424.67,2025-03-03,2025-12-16T04:35:47
P1923,Pull Max,Beauty,BrandE,1381.6,2024-12-09,2026-07-05T18:29:36
P1924,Treat Max,Beauty,BrandB,1038.24,2024-11-13,2025-12-14T08:40:51
P1925,Space Pro,Home & Kitchen,BrandE,1463.54,2025-06-23,2026-07-21T09:53:27
P1926,Million Max,Sports,BrandA,995.37,2025-09-09,2025-10-27T22:41:20
P1927,Wrong Max,Beauty,BrandA,581.12,2025-04-19,2026-01-20T05:29:47
P1928,Law Max,Home & Kitchen,BrandA,75.08,2025-03-03,2025-11-20T14:42:40
P1929,Image Lite,Electronics,BrandD,1116.81,2025-06-26,2026-06-03T04:42:47
P1930,Mind Max,Sports,BrandA,132.11,2024-09-30,2026-02-06T16:06:43
P1931,Author Standard,Apparel,BrandB,775.21,2025-05-10,2025-11-11T06:59:22
P1932,Degree Lite,Beauty,BrandA,782.7,2025-01-05,2026-07-27T09:30:48
P1933,Matter Pro,Electronics,BrandE,180.18,2025-02-16,2026-05-29T12:56:36
P1934,Democrat Standard,Electronics,BrandD,508.65,2024-11-25,2025-12-09T02:26:19
P1935,Nor Standard,Sports,BrandE,1096.36,2025-01-30,2025-09-27T00:52:37
P1936,Personal Lite,Sports,BrandD,1342.64,2025-08-09,2026-09-02T10:09:40
P1937,Station Standard,Sports,BrandE,94.75,2025-06-09,2026-07-14T12:40:09
P1938,Phone Max,Apparel,BrandA,740.6,2025-05-07,2026-02-26T15:38:18
P1939,Tend Pro,Home & Kitchen,BrandE,1281.96,2025-01-06,2025-11-16T06:29:38
P1940,Yard Lite,Beauty,BrandC,780.01,2025-04-07,2025-09-24T17:20:08
P1941,Nothing Pro,Sports,BrandE,806.46,2025-05-29,2026-02-10T03:20:58
P1942,Stop Pro,Electronics,BrandD,124.68,2024-12-05,2025-11-03T03:38:17
P1943,If Max,Home & Kitchen,BrandD,1293.74,2025-05-08,2026-07-18T16:38:27
P1944,Word Pro,Beauty,BrandB,1245.34,2025-07-20,2026-03-10T11:41:03
P1945,Your Max,Sports,BrandD,1471.79,2024-11-27,2026-01-19T04:07:53
P1946,Yes Lite,Home & Kitchen,BrandD,1228.78,2025-05-05,2026-06-21T14:13:10
P1947,Dog Standard,Electronics,BrandD,899.06,2024-12-21,2025-12-19T11:57:45
P1948,Only Standard,Apparel,BrandD,1371.65,2024-10-19,2026-08-04T17:51:17
P1949,Table Pro,Electronics,BrandE,1260.38,2025-02-18,2026-04-06T10:15:28
P1950,Apply Max,Sports,BrandE,975.92,2025-04-11,2025-12-19T17:58:50
P1951,Goal Pro,Beauty,BrandE,1467.26,2025-09-05,2026-01-18T16:27:12
P1952,Seem Max,Electronics,BrandA,1147.78,2025-05-31,2026-03-25T00:46:57
P1953,Shoulder Pro,Beauty,BrandA,644.77,2025-05-09,2025-10-10T02:21:38
P1954,Difficult Standard,Home & Kitchen,BrandB,1195.06,2024-10-19,2025-10-06T04:36:43
P1955,Me Max,Electronics,BrandD,340.49,2024-12-15,2026-04-24T10:49:14
P1956,Whatever Max,Beauty,BrandA,1205.47,2025-09-16,2026-02-02T18:56:29
P1957,Center Max,Electronics,BrandD,924.74,2024-09-21,2025-12-12T13:00:35
P1958,Morning Lite,Home & Kitchen,BrandE,64.58,2024-12-11,2026-01-05T09:14:50
P1959,Beyond Pro,Home & Kitchen,BrandE,1253.84,2025-03-21,2025-12-09T07:14:53
P1960,Give Max,Beauty,BrandB,906.05,2025-09-01,2026-04-01T01:08:25
P1961,Turn Lite,Home & Kitchen,BrandE,1167.02,2025-08-23,2026-04-22T09:33:34
P1962,Century Max,Home & Kitchen,BrandD,1356.67,2024-09-20,2026-08-19T14:10:07
P1963,Class Max,Sports,BrandE,826.76,2025-03-27,2026-04-18T08:36:07
P1964,Since Pro,Apparel,BrandD,1277.41,2024-09-22,2026-05-19T20:38:01
P1965,Order Max,Sports,BrandB,226.79,2025-03-06,2026-08-14T22:56:51
P1966,Number Lite,Home & Kitchen,BrandA,662.54,2025-06-05,2025-12-18T22:58:02
P1967,Drug Lite,Electronics,BrandE,1053.84,2025-06-05,2026-04-26T05:34:18
P1968,Source Max,Home & Kitchen,BrandE,1322.07,2025-03-14,2026-06-27T19:22:40
P1969,Month Pro,Home & Kitchen,BrandD,1302.79,2025-03-10,2026-02-09T00:57:47
P1970,She Max,Electronics,BrandB,1062.94,2025-03-18,2026-08-09T20:50:07
P1971,Might Standard,Electronics,BrandA,1047.36,2025-08-20,2025-11-13T19:02:28
P1972,Effect Standard,Apparel,BrandE,901.37,2025-02-04,2025-10-29T01:13:11
P1973,Same Lite,Home & Kitchen,BrandA,1238.97,2025-05-26,2026-01-27T06:54:31
P1974,Image Lite,Home & Kitchen,BrandB,149.79,2025-08-11,2026-03-14T20:44:22
P1975,Stock Standard,Apparel,BrandA,908.63,2025-08-29,2026-08-11T18:51:17
P1976,Fill Pro,Beauty,BrandE,605.91,2025-02-21,2026-03-06T07:36:05
P1977,Event Lite,Sports,BrandA,979.41,2025-04-09,2026-05-11T15:20:17
P1978,Job Standard,Home & Kitchen,BrandC,1324.07,2024-09-26,2025-10-24T01:34:09
P1979,Them Standard,Apparel,BrandC,1372.85,2025-07-08,2026-03-23T16:44:35
P1980,Try Pro,Sports,BrandE,911.97,2025-07-19,2026-07-04T16:11:15
P1981,Very Max,Electronics,BrandD,730.35,2024-09-25,2026-02-15T15:31:57
P1982,Yourself Max,Home & Kitchen,BrandA,633.62,2024-12-05,2025-10-09T06:43:47
P1983,Single Pro,Electronics,BrandB,331.53,2025-05-12,2025-12-20T09:58:17
P1984,Improve Standard,Apparel,BrandD,684.7,2024-09-29,2026-01-10T03:21:54
P1985,System Standard,Apparel,BrandA,723.44,2025-03-03,2025-10-23T01:41:06
P1986,Seem Max,Home & Kitchen,BrandA,1062.46,2024-11-02,2026-08-23T14:38:25
P1987,Agent Max,Home & Kitchen,BrandB,979.18,2025-06-10,2025-11-12T12:23:25
P1988,Before Max,Home & Kitchen,BrandA,1035.63,2025-09-09,2026-05-30T00:45:48
P1989,Like Max,Electronics,BrandD,1013.83,2025-09-17,2026-06-30T00:46:45
P1990,For Max,Apparel,BrandB,656.48,2025-04-08,2026-01-10T09:06:52
P1991,Possible Lite,Electronics,BrandA,1338.42,2025-07-11,2026-08-22T20:00:22
P1992,Put Pro,Home & Kitchen,BrandC,410.0,2025-09-03,2026-03-30T00:23:56
P1993,Ten Lite,Sports,BrandC,241.4,2025-09-07,2026-05-07T20:42:25
P1994,Use Pro,Apparel,BrandC,374.53,2025-02-06,2026-05-16T20:53:35
P1995,Fine Lite,Electronics,BrandE,468.4,2025-05-24,2026-07-12T05:47:27
P1996,Program Standard,Home & Kitchen,BrandA,185.84,2025-07-04,2026-06-04T12:33:06
P1997,Agent Standard,Electronics,BrandC,630.63,2025-01-19,2025-10-26T11:18:34
P1998,Court Lite,Electronics,BrandE,1206.03,2025-05-19,2025-12-10T19:08:04
P1999,A Lite,Electronics,BrandC,747.54,2024-12-13,2025-12-22T19:15:42
P2000,Front Max,Sports,BrandE,933.86,2025-06-30,2025-11-21T05:19:02
P2001,Former Pro,Apparel,BrandD,68.01,2024-10-12,2025-10-20T02:12:29
P2002,Stand Lite,Apparel,BrandC,1259.77,2025-08-14,2026-07-15T06:20:52
P2003,Recognize Pro,Sports,BrandA,767.77,2025-01-11,2026-08-12T04:41:13
P2004,Recently Max,Beauty,BrandA,1004.42,2025-01-17,2026-07-19T19:23:11
P2005,Yard Pro,Electronics,BrandB,484.28,2025-01-23,2025-09-21T12:19:50
P2006,Education Lite,Sports,BrandC,280.05,2024-12-03,2026-05-06T00:35:46
P2007,Mouth Max,Electronics,BrandB,370.37,2025-02-07,2026-05-31T20:00:22
P2008,National Standard,Beauty,BrandD,878.8,2024-11-17,2026-01-13T08:38:16
P2009,Father Standard,Sports,BrandB,1165.3,2025-04-08,2026-01-26T17:00:32
P2010,Increase Lite,Apparel,BrandB,810.52,2025-01-13,2025-09-24T13:35:13
P2011,Add Pro,Sports,BrandC,148.37,2024-10-14,2026-01-10T17:21:07
P2012,Who Pro,Sports,BrandB,917.16,2024-11-02,2026-04-17T18:10:40
P2013,Spring Pro,Sports,BrandB,1177.33,2025-07-02,2026-06-22T00:37:17
P2014,Get Lite,Apparel,BrandC,984.02,2025-06-28,2026-04-20T07:33:02
P2015,Mind Max,Home & Kitchen,BrandA,574.03,2024-10-12,2026-01-18T15:42:55
P2016,Less Max,Sports,BrandB,412.54,2024-09-23,2026-05-23T16:57:39
P2017,Sister Max,Apparel,BrandC,1015.07,2025-07-26,2026-05-05T14:58:12
P2018,Third Max,Apparel,BrandC,320.94,2025-07-27,2026-09-03T12:15:03
P2019,Be Lite,Electronics,BrandE,578.06,2025-09-12,2026-08-19T03:33:49
P2020,Camera Lite,Electronics,BrandE,657.64,2024-12-11,2025-11-06T02:12:00
P2021,Pretty Lite,Home & Kitchen,BrandB,433.58,2025-05-01,2026-04-11T12:10:30
P2022,Enjoy Max,Beauty,BrandE,1417.62,2024-10-08,2026-04-15T20:11:40
P2023,Serve Lite,Home & Kitchen,BrandA,680.15,2025-07-04,2025-11-08T14:11:41
P2024,Manage Max,Home & Kitchen,BrandA,870.65,2025-07-08,2026-03-13T00:59:28
P2025,Think Lite,Apparel,BrandE,954.07,2024-11-08,2025-11-14T09:31:44
P2026,Develop Lite,Sports,BrandC,1319.92,2025-06-28,2026-07-02T16:00:03
P2027,Effort Standard,Electronics,BrandB,858.28,2025-06-15,2025-11-03T13:52:28
P2028,Toward Standard,Home & Kitchen,BrandC,322.2,2025-09-01,2026-07-02T05:20:39
P2029,Election Pro,Beauty,BrandD,498.92,2025-06-23,2026-01-22T03:47:35
P2030,Letter Lite,Beauty,BrandA,1205.83,2024-12-03,2026-07-19T16:41:21
P2031,Create Max,Electronics,BrandA,1145.41,2025-07-25,2026-01-06T21:08:24
P2032,Kind Lite,Home & Kitchen,BrandB,830.21,2025-07-18,2026-05-04T16:03:52
P2033,Set Standard,Apparel,BrandC,1479.07,2025-02-18,2026-08-08T14:03:39
P2034,Popular Standard,Beauty,BrandE,1444.68,2025-01-19,2026-03-28T04:20:22
P2035,Herself Standard,Beauty,BrandE,812.95,2025-07-02,2026-07-16T20:45:57
P2036,Determine Lite,Beauty,BrandA,618.79,2024-09-29,2026-01-15T10:13:54
P2037,More Pro,Beauty,BrandA,1309.55,2024-10-05,2026-09-17T08:40:52
P2038,Record Standard,Sports,BrandA,136.66,2024-10-08,2026-01-05T21:03:18
P2039,Can Lite,Sports,BrandD,1363.2,2025-05-28,2026-05-29T06:37:25
P2040,Treat Pro,Electronics,BrandB,1199.65,2025-01-05,2026-02-22T19:37:55
P2041,Rule Lite,Beauty,BrandA,511.72,2025-08-15,2026-03-24T17:30:24
P2042,Assume Standard,Home & Kitchen,BrandD,653.88,2024-10-28,2025-09-20T23:26:36
P2043,Over Lite,Electronics,BrandC,124.09,2025-09-09,2025-10-07T04:43:57
P2044,Six Standard,Electronics,BrandA,582.7,2024-11-04,2026-02-12T06:07:10
P2045,Stay Lite,Home & Kitchen,BrandE,1331.36,2024-10-02,2026-08-21T08:17:58
P2046,Place Max,Apparel,BrandC,1044.5,2024-12-20,2026-09-10T10:38:04
P2047,Help Lite,Sports,BrandD,867.47,2024-10-28,2026-04-18T22:25:31
P2048,Green Lite,Electronics,BrandC,493.07,2024-11-25,2026-03-28T00:11:08
P2049,Note Pro,Home & Kitchen,BrandD,618.71,2025-03-19,2026-02-06T18:37:54
P2050,Work Max,Beauty,BrandC,473.19,2024-10-12,2026-01-05T06:47:07
P2051,Cut Max,Home & Kitchen,BrandB,1195.15,2025-05-08,2025-11-02T05:48:34
P2052,Food Standard,Electronics,BrandD,1248.84,2025-04-23,2026-04-06T16:37:59
P2053,Provide Max,Home & Kitchen,BrandD,195.31,2024-12-28,2026-03-04T04:23:14
P2054,Modern Pro,Apparel,BrandC,92.99,2025-08-27,2025-11-19T13:33:39
P2055,Military Max,Sports,BrandC,1308.23,2025-05-18,2026-05-23T05:53:53
P2056,Key Standard,Beauty,BrandB,1135.8,2024-10-11,2026-09-09T19:02:38
P2057,Stock Lite,Sports,BrandA,947.49,2024-10-03,2026-08-18T23:30:06
P2058,Conference Max,Sports,BrandC,863.73,2024-11-11,2025-10-03T06:34:37
P2059,Pretty Standard,Sports,BrandA,1010.05,2025-06-28,2026-02-16T17:43:31
P2060,Happy Max,Home & Kitchen,BrandE,532.68,2024-12-03,2026-04-27T19:59:18
P2061,Drug Pro,Electronics,BrandA,1156.97,2025-04-30,2026-03-09T13:11:31
P2062,Contain Max,Beauty,BrandE,871.38,2025-01-17,2025-11-08T11:30:35
P2063,High Lite,Electronics,BrandE,976.3,2025-09-12,2026-07-20T13:15:44
P2064,Range Pro,Home & Kitchen,BrandE,1290.89,2025-06-26,2026-02-26T21:37:28
P2065,Cultural Max,Beauty,BrandD,531.91,2025-04-12,2026-01-12T11:44:14
P2066,Close Standard,Beauty,BrandA,1338.39,2025-03-13,2026-04-25T00:08:37
P2067,Low Standard,Home & Kitchen,BrandD,228.55,2025-05-19,2026-01-17T01:58:48
P2068,Should Max,Beauty,BrandB,388.06,2025-03-20,2026-03-12T02:09:13
P2069,Various Lite,Apparel,BrandE,394.67,2025-01-31,2026-02-04T12:03:46
P2070,Impact Standard,Apparel,BrandB,166.38,2025-03-05,2026-05-27T06:32:54
P2071,No Pro,Apparel,BrandB,341.3,2025-09-06,2025-10-28T21:30:31
P2072,First Standard,Beauty,BrandA,720.4,2025-02-23,2026-08-21T03:55:30
P2073,Beautiful Pro,Beauty,BrandB,1258.92,2025-07-15,2026-03-11T20:24:46
P2074,Account Standard,Home & Kitchen,BrandC,1300.92,2025-01-16,2026-04-21T13:59:21
P2075,Summer Standard,Beauty,BrandD,267.86,2025-01-21,2026-01-13T15:53:19
P2076,Difficult Standard,Apparel,BrandD,375.05,2025-08-09,2026-07-26T07:27:13
P2077,Remain Standard,Beauty,BrandE,476.61,2025-02-07,2026-08-08T01:12:21
P2078,Smile Pro,Sports,BrandE,1353.58,2024-10-25,2025-10-23T08:20:59
P2079,Section Standard,Beauty,BrandC,1177.5,2025-08-08,2026-06-23T00:49:14
P2080,Him Lite,Sports,BrandC,1029.37,2025-04-09,2026-03-24T05:40:09
P2081,Play Max,Home & Kitchen,BrandE,1072.16,2024-10-31,2026-07-04T22:28:51
P2082,Weight Max,Sports,BrandC,1274.18,2025-08-11,2026-02-27T11:52:06
P2083,Case Standard,Beauty,BrandC,1318.48,2025-03-22,2026-01-19T11:06:36
P2084,Water Pro,Apparel,BrandD,590.05,2024-11-18,2026-09-11T23:23:56
P2085,Radio Standard,Sports,BrandD,429.27,2024-09-20,2026-01-02T23:51:11
P2086,Coach Lite,Apparel,BrandA,1437.86,2025-06-10,2026-09-18T18:42:32
P2087,Help Standard,Beauty,BrandD,538.49,2025-04-17,2026-01-04T12:24:26
P2088,Understand Lite,Sports,BrandD,532.59,2025-02-06,2025-11-15T10:50:57
P2089,Big Lite,Electronics,BrandA,482.46,2025-06-06,2026-01-12T05:44:27
P2090,Peace Standard,Apparel,BrandB,98.5,2025-03-22,2026-02-21T08:46:40
P2091,Minute Pro,Electronics,BrandA,860.75,2025-05-26,2025-11-10T06:15:59
P2092,War Lite,Electronics,BrandD,565.17,2025-08-05,2026-02-28T20:22:02
P2093,Defense Lite,Sports,BrandB,370.83,2025-06-05,2025-11-16T12:58:14
P2094,Task Lite,Home & Kitchen,BrandC,373.81,2025-02-19,2026-08-21T14:56:14
P2095,Because Lite,Beauty,BrandC,376.54,2025-05-17,2026-04-28T23:09:38
P2096,Measure Max,Apparel,BrandB,1412.82,2024-09-22,2025-10-22T17:10:21
P2097,Science Standard,Electronics,BrandA,1293.93,2025-09-16,2025-12-18T10:08:17
P2098,Gas Pro,Home & Kitchen,BrandD,53.07,2025-08-01,2026-01-01T08:05:23
P2099,Traditional Pro,Electronics,BrandA,1106.06,2024-10-20,2026-07-26T03:10:39
P2100,Wish Lite,Sports,BrandC,1238.46,2025-06-21,2026-03-07T00:42:10
P2101,Understand Pro,Electronics,BrandE,1037.26,2025-07-04,2025-11-11T11:12:44
P2102,Management Standard,Home & Kitchen,BrandA,139.28,2025-07-29,2025-11-30T20:38:57
P2103,Brother Pro,Home & Kitchen,BrandE,330.4,2024-10-28,2025-12-29T11:42:21
P2104,Something Standard,Home & Kitchen,BrandD,645.31,2025-04-20,2026-04-18T23:33:34
P2105,Agency Lite,Home & Kitchen,BrandD,678.53,2025-07-19,2025-12-15T13:26:26
P2106,Event Pro,Sports,BrandD,771.57,2025-09-09,2025-10-04T02:02:00
P2107,Audience Pro,Home & Kitchen,BrandD,1102.29,2025-04-19,2026-01-27T14:59:32
P2108,There Standard,Beauty,BrandD,825.86,2025-02-09,2026-07-10T06:11:07
P2109,Computer Max,Sports,BrandA,1113.16,2025-04-28,2026-03-24T13:28:10
P2110,Pay Max,Home & Kitchen,BrandD,521.21,2025-02-04,2026-01-13T21:00:38
P2111,Group Lite,Electronics,BrandE,966.44,2025-02-08,2026-06-07T09:49:17
P2112,Remember Pro,Home & Kitchen,BrandB,1055.06,2024-10-07,2026-08-01T00:45:37
P2113,While Max,Electronics,BrandB,865.63,2025-05-20,2026-03-19T09:49:36
P2114,Rule Max,Beauty,BrandD,1363.32,2025-01-31,2026-04-17T05:43:08
P2115,Wife Pro,Home & Kitchen,BrandC,1258.88,2025-04-11,2025-12-23T04:35:30
P2116,Travel Max,Sports,BrandE,639.27,2025-03-08,2026-07-23T11:14:59
P2117,Important Max,Electronics,BrandC,91.64,2024-12-09,2025-09-22T11:01:57
P2118,Opportunity Pro,Apparel,BrandA,802.58,2025-08-31,2026-01-20T04:47:29
P2119,Quality Standard,Electronics,BrandC,731.98,2025-08-15,2026-06-07T05:20:33
P2120,Beyond Standard,Apparel,BrandB,832.13,2024-10-03,2026-05-26T11:57:00
P2121,Manager Pro,Home & Kitchen,BrandD,1102.52,2025-09-07,2026-05-08T18:47:09
P2122,Name Lite,Apparel,BrandC,688.26,2024-09-18,2025-12-26T16:27:33
P2123,Type Lite,Apparel,BrandA,290.09,2024-11-30,2025-11-05T14:56:02
P2124,Eye Lite,Home & Kitchen,BrandA,34.86,2025-01-26,2026-08-18T02:41:50
P2125,Fly Max,Apparel,BrandE,726.47,2025-05-04,2026-01-15T03:46:50
P2126,Hit Max,Home & Kitchen,BrandA,810.53,2025-06-16,2026-08-24T10:01:08
P2127,Week Standard,Beauty,BrandC,1389.25,2025-02-10,2025-10-03T05:42:49
P2128,Begin Standard,Beauty,BrandC,152.31,2025-03-16,2025-10-17T15:26:16
P2129,Character Pro,Apparel,BrandC,123.77,2025-02-09,2026-03-17T01:12:18
P2130,Song Max,Electronics,BrandB,539.46,2025-05-13,2025-12-24T21:08:41
P2131,Night Lite,Apparel,BrandC,1352.05,2025-07-22,2026-04-24T17:26:42
P2132,Program Standard,Home & Kitchen,BrandE,1223.92,2025-01-24,2026-05-13T07:20:49
P2133,Manage Lite,Apparel,BrandE,1404.14,2024-10-28,2026-06-17T19:24:18
P2134,Common Lite,Apparel,BrandA,738.55,2024-10-05,2025-12-12T14:09:28
P2135,Show Lite,Home & Kitchen,BrandE,1212.03,2025-03-12,2026-03-03T00:35:14
P2136,Cut Pro,Sports,BrandE,462.35,2025-02-21,2026-03-16T21:56:39
P2137,Republican Pro,Apparel,BrandE,1469.02,2024-10-01,2025-12-22T21:25:24
P2138,Research Lite,Home & Kitchen,BrandE,1260.86,2025-03-10,2026-05-12T16:41:17
P2139,Treatment Pro,Beauty,BrandD,524.29,2025-03-02,2025-12-08T13:46:40
P2140,Evening Max,Apparel,BrandE,316.25,2025-03-07,2025-12-01T13:51:28
P2141,Mention Pro,Sports,BrandB,473.46,2025-05-30,2026-03-19T19:41:51
P2142,Far Pro,Sports,BrandA,1101.19,2024-11-26,2026-05-04T14:13:05
P2143,Health Max,Sports,BrandA,1230.5,2024-09-22,2026-02-26T04:11:19
P2144,Least Standard,Apparel,BrandC,199.43,2025-07-06,2026-08-11T22:05:01
P2145,Note Max,Home & Kitchen,BrandB,163.17,2025-06-08,2025-09-27T01:23:10
P2146,Large Lite,Sports,BrandD,1119.4,2025-02-22,2026-02-12T04:42:07
P2147,Positive Max,Electronics,BrandE,1105.9,2025-04-07,2026-04-21T13:56:21
P2148,Both Pro,Apparel,BrandA,777.37,2025-08-07,2026-05-03T09:22:05
P2149,Official Max,Beauty,BrandB,449.84,2024-09-27,2026-04-17T18:26:10
P2150,Of Pro,Home & Kitchen,BrandD,141.3,2025-01-14,2026-01-22T05:34:57
P2151,Boy Max,Electronics,BrandC,1325.15,2025-02-04,2026-02-01T23:47:51
P2152,Difficult Lite,Home & Kitchen,BrandB,1274.97,2025-03-10,2026-06-12T09:50:17
P2153,Exactly Pro,Home & Kitchen,BrandB,68.1,2024-09-21,2025-10-02T16:41:41
P2154,Training Pro,Home & Kitchen,BrandC,25.29,2025-05-21,2026-03-11T01:34:30
P2155,Information Standard,Sports,BrandA,1010.86,2025-06-01,2026-05-27T10:31:00
P2156,Herself Pro,Electronics,BrandE,1499.73,2025-04-23,2026-08-12T21:56:02
P2157,Difference Standard,Home & Kitchen,BrandE,828.05,2025-01-06,2025-11-02T23:40:23
P2158,Democrat Lite,Home & Kitchen,BrandD,616.1,2025-05-27,2026-02-24T23:45:52
P2159,Response Standard,Apparel,BrandC,495.05,2025-05-31,2025-12-11T20:36:51
P2160,They Lite,Electronics,BrandE,1115.55,2024-12-27,2026-06-06T14:41:06
P2161,Relationship Max,Sports,BrandE,156.44,2025-05-01,2026-07-18T22:31:08
P2162,Similar Standard,Sports,BrandE,407.68,2024-11-01,2025-11-14T05:52:05
P2163,Answer Max,Electronics,BrandD,467.11,2025-04-24,2026-04-22T20:02:19
P2164,Worry Pro,Sports,BrandA,44.13,2025-03-20,2026-02-26T15:07:50
P2165,Player Pro,Beauty,BrandD,1038.13,2025-06-03,2026-01-03T05:24:39
P2166,These Pro,Electronics,BrandA,1343.81,2024-10-21,2026-04-08T21:31:36
P2167,Word Max,Apparel,BrandC,209.66,2025-08-07,2026-05-21T12:31:44
P2168,Control Pro,Beauty,BrandE,220.68,2025-01-19,2026-06-02T00:39:04
P2169,Fight Max,Apparel,BrandA,952.9,2024-10-31,2026-01-31T15:45:27
P2170,Believe Standard,Home & Kitchen,BrandD,264.04,2025-02-01,2026-09-12T00:28:13
P2171,Industry Standard,Sports,BrandE,1170.85,2025-04-06,2025-10-15T11:09:33
P2172,Population Max,Electronics,BrandE,298.39,2025-06-20,2025-10-30T10:41:27
P2173,Field Lite,Beauty,BrandE,1201.45,2024-11-27,2026-08-09T16:42:32
P2174,Fish Pro,Electronics,BrandA,524.44,2024-12-15,2026-09-17T06:15:22
P2175,Not Max,Apparel,BrandC,743.49,2025-07-16,2026-06-09T20:20:54
P2176,Themselves Max,Sports,BrandD,83.24,2025-08-04,2026-01-09T03:00:46
P2177,Whose Max,Apparel,BrandB,55.45,2025-01-17,2026-04-07T22:52:44
P2178,House Standard,Home & Kitchen,BrandE,516.0,2025-04-12,2026-07-09T12:02:31
P2179,Source Standard,Apparel,BrandC,1209.54,2025-07-19,2026-04-12T01:29:47
P2180,Language Standard,Electronics,BrandB,918.99,2025-04-19,2026-02-21T08:05:02
P2181,Democrat Pro,Home & Kitchen,BrandC,287.54,2024-12-11,2025-10-12T05:09:19
P2182,Draw Pro,Home & Kitchen,BrandE,1328.03,2025-03-11,2026-05-20T13:18:44
P2183,Consumer Pro,Apparel,BrandE,605.16,2024-11-18,2025-10-17T18:35:41
P2184,Note Standard,Electronics,BrandC,833.1,2024-11-05,2025-09-22T14:48:44
P2185,Election Max,Apparel,BrandC,29.06,2024-11-17,2025-11-27T17:39:19
P2186,Song Lite,Home & Kitchen,BrandD,402.6,2024-12-04,2026-06-07T10:39:55
P2187,Professional Standard,Sports,BrandC,72.07,2025-08-08,2026-06-01T11:04:05
P2188,Military Pro,Home & Kitchen,BrandA,955.5,2024-10-14,2026-08-28T21:07:28
P2189,Fish Lite,Beauty,BrandD,1444.78,2024-11-14,2026-08-15T06:19:00
P2190,Occur Lite,Apparel,BrandA,149.71,2025-03-08,2026-07-18T20:30:46
P2191,Like Standard,Home & Kitchen,BrandC,652.81,2025-09-08,2026-01-09T18:19:18
P2192,Spring Max,Apparel,BrandE,842.71,2025-04-06,2026-08-09T10:55:27
P2193,Nature Standard,Beauty,BrandC,644.1,2025-08-10,2025-10-15T22:31:31
P2194,Hundred Max,Electronics,BrandB,590.14,2024-12-08,2025-10-09T21:25:14
P2195,Pattern Pro,Beauty,BrandB,1328.72,2024-09-20,2025-11-14T12:45:11
P2196,Reflect Max,Sports,BrandA,1328.23,2025-03-16,2026-06-04T09:34:27
P2197,Discuss Pro,Apparel,BrandE,579.46,2025-04-28,2026-04-30T22:11:32
P2198,Us Lite,Beauty,BrandE,422.87,2025-01-25,2026-02-10T03:58:14
P2199,Smile Standard,Electronics,BrandE,926.94,2025-04-02,2026-06-30T18:29:29
P2200,Heavy Max,Sports,BrandA,318.9,2024-12-31,2026-09-12T13:19:28
